Dataset,Method,1-SPFP,1-SPFN,SP-Score,TC,Modeler,Compression,Average Pairwise P-Distance,Maximum Pairwise P-Distance,Number of Sequences,Reference Length,Estimated Length,Maximum Ungapped Length,Sequence Length Heterogeneity,Gappiness Percentage,Average Gap Length,Median Gap Length
RNASimSmallR01,BPPD,0.995383405738,0.995431503299,0.995407454518,0.9530332681017613,0.9953834057375789,1.0,0.178354416811,0.23746701847,25,1546,1546,1528,0.0014914896869,0.0141009055627,1.00368324125,1.0
RNASimSmallR01,BPMAP,0.994952357104,0.994886797923,0.994919577514,0.9393346379647749,0.9949523571042609,1.000646830530401,0.178354416811,0.23746701847,25,1546,1547,1528,0.0014914896869,0.0141009055627,1.00368324125,1.0
RNASimSmallR01,MAFFT,0.993370371997,0.993562373158,0.993466372578,0.923679060665362,0.9933703719970135,0.9974126778783958,0.178354416811,0.23746701847,25,1546,1542,1528,0.0014914896869,0.0141009055627,1.00368324125,1.0
RNASimSmallR01,Muscle,0.991664397579,0.991890918356,0.991777657967,0.9171559034572733,0.9916643975792497,0.9961190168175937,0.178354416811,0.23746701847,25,1546,1540,1528,0.0014914896869,0.0141009055627,1.00368324125,1.0
RNASimSmallR01,Clustal,0.992495256,0.992538854186,0.992517055093,0.9112850619699935,0.9924952560002811,0.9974126778783958,0.178354416811,0.23746701847,25,1546,1542,1528,0.0014914896869,0.0141009055627,1.00368324125,1.0
RNASimSmallR01,GINSI,0.993631678228,0.99382154749,0.993726612859,0.9262883235485975,0.9936316782284647,0.9974126778783958,0.178354416811,0.23746701847,25,1546,1542,1528,0.0014914896869,0.0141009055627,1.00368324125,1.0
RNASimSmallR01,EINSI,0.993721726909,0.993913795981,0.993817761445,0.9256360078277887,0.9937217269093943,0.9974126778783958,0.178354416811,0.23746701847,25,1546,1542,1528,0.0014914896869,0.0141009055627,1.00368324125,1.0
RNASimSmallR01,LINSI,0.993370371997,0.993562373158,0.993466372578,0.923679060665362,0.9933703719970135,0.9974126778783958,0.178354416811,0.23746701847,25,1546,1542,1528,0.0014914896869,0.0141009055627,1.00368324125,1.0
RNASimSmallR01,DiAlign,0.973446306563,0.972263953682,0.972855130123,0.8036529680365296,0.9734463065626656,1.0045278137128073,0.178354416811,0.23746701847,25,1546,1553,1528,0.0014914896869,0.0141009055627,1.00368324125,1.0
RNASimSmallR01,KAlign,0.991921263612,0.992141307117,0.992031285365,0.9145466405740378,0.9919212636118693,0.9987063389391979,0.178354416811,0.23746701847,25,1546,1544,1528,0.0014914896869,0.0141009055627,1.00368324125,1.0
RNASimSmallR01,Prime,0.992032371375,0.991868954429,0.991950662902,0.9073711676451403,0.9920323713745313,1.0025873221216042,0.178354416811,0.23746701847,25,1546,1550,1528,0.0014914896869,0.0141009055627,1.00368324125,1.0
RNASimSmallR01,ProbAlign,0.994023996258,0.994087311,0.994055653629,0.9223744292237442,0.9940239962575853,0.9987063389391979,0.178354416811,0.23746701847,25,1546,1544,1528,0.0014914896869,0.0141009055627,1.00368324125,1.0
RNASimSmallR01,DefaultProbCons,0.9946456769,0.994735246831,0.994690461865,0.9256360078277887,0.9946456769002027,0.9987063389391979,0.178354416811,0.23746701847,25,1546,1544,1528,0.0014914896869,0.0141009055627,1.00368324125,1.0
RNASimSmallR01,SAPD,0.995642337851,0.995637964208,0.995640151029,0.9478147423352903,0.9956423378506007,1.000646830530401,0.178354416811,0.23746701847,25,1546,1547,1528,0.0014914896869,0.0141009055627,1.00368324125,1.0
RNASimSmallR01,SAPDSum,0.995591820598,0.995587447177,0.995589633887,0.9478147423352903,0.9955918205978607,1.000646830530401,0.178354416811,0.23746701847,25,1546,1547,1528,0.0014914896869,0.0141009055627,1.00368324125,1.0
RNASimSmallR01,SAPDMul,0.995591820598,0.995587447177,0.995589633887,0.9478147423352903,0.9955918205978607,1.000646830530401,0.178354416811,0.23746701847,25,1546,1547,1528,0.0014914896869,0.0141009055627,1.00368324125,1.0
RNASimSmallR01,SparseSAPD,0.995007544692,0.994996617555,0.995002081123,0.943900848010437,0.9950075446915901,1.000646830530401,0.178354416811,0.23746701847,25,1546,1547,1528,0.0014914896869,0.0141009055627,1.00368324125,1.0
RNASimSmallR02,BPPD,0.990946315133,0.990917910612,0.990932112872,0.8988326848249028,0.9909463151326191,1.0012919896640826,0.197020947036,0.340199335548,25,1548,1550,1529,0.00209392506105,0.0172351421189,1.04545454545,1.0
RNASimSmallR02,BPMAP,0.987856152288,0.987928031222,0.987892091755,0.8761348897535668,0.9878561522875543,1.0,0.197020947036,0.340199335548,25,1548,1548,1529,0.00209392506105,0.0172351421189,1.04545454545,1.0
RNASimSmallR02,MAFFT,0.982039477889,0.982565651666,0.982302564777,0.851491569390402,0.9820394778887241,0.998062015503876,0.197020947036,0.340199335548,25,1548,1545,1529,0.00209392506105,0.0172351421189,1.04545454545,1.0
RNASimSmallR02,Muscle,0.987663817538,0.988047097215,0.987855457377,0.8735408560311284,0.9876638175382296,0.998062015503876,0.197020947036,0.340199335548,25,1548,1545,1529,0.00209392506105,0.0172351421189,1.04545454545,1.0
RNASimSmallR02,Clustal,0.987789928565,0.98785526867,0.987822598618,0.8910505836575876,0.9877899285651291,0.9993540051679587,0.197020947036,0.340199335548,25,1548,1547,1529,0.00209392506105,0.0172351421189,1.04545454545,1.0
RNASimSmallR02,GINSI,0.984774325489,0.985301964589,0.985038145039,0.8566796368352788,0.9847743254887356,0.998062015503876,0.197020947036,0.340199335548,25,1548,1545,1529,0.00209392506105,0.0172351421189,1.04545454545,1.0
RNASimSmallR02,EINSI,0.981454463711,0.981926223183,0.981690343447,0.8482490272373541,0.9814544637111348,0.998062015503876,0.197020947036,0.340199335548,25,1548,1545,1529,0.00209392506105,0.0172351421189,1.04545454545,1.0
RNASimSmallR02,LINSI,0.982039477889,0.982565651666,0.982302564777,0.851491569390402,0.9820394778887241,0.998062015503876,0.197020947036,0.340199335548,25,1548,1545,1529,0.00209392506105,0.0172351421189,1.04545454545,1.0
RNASimSmallR02,DiAlign,0.952979883852,0.951593058894,0.952286471373,0.6990920881971465,0.952979883851878,1.0109819121447028,0.197020947036,0.340199335548,25,1548,1565,1529,0.00209392506105,0.0172351421189,1.04545454545,1.0
RNASimSmallR02,KAlign,0.986886741921,0.987176151523,0.987031446722,0.8728923476005188,0.986886741920765,1.0006459948320414,0.197020947036,0.340199335548,25,1548,1549,1529,0.00209392506105,0.0172351421189,1.04545454545,1.0
RNASimSmallR02,Prime,0.98477122655,0.984528035632,0.984649631091,0.8482490272373541,0.9847712265503354,1.003875968992248,0.197020947036,0.340199335548,25,1548,1554,1529,0.00209392506105,0.0172351421189,1.04545454545,1.0
RNASimSmallR02,ProbAlign,0.987671580247,0.987617136683,0.987644358465,0.8780804150453956,0.9876715802471858,1.0032299741602067,0.197020947036,0.340199335548,25,1548,1553,1529,0.00209392506105,0.0172351421189,1.04545454545,1.0
RNASimSmallR02,DefaultProbCons,0.990138345367,0.990236588539,0.990187466953,0.8916990920881972,0.9901383453673593,1.0006459948320414,0.197020947036,0.340199335548,25,1548,1549,1529,0.00209392506105,0.0172351421189,1.04545454545,1.0
RNASimSmallR02,SAPD,0.991075247481,0.991162657377,0.991118952429,0.9014267185473411,0.9910752474810944,1.0006459948320414,0.197020947036,0.340199335548,25,1548,1549,1529,0.00209392506105,0.0172351421189,1.04545454545,1.0
RNASimSmallR02,SAPDSum,0.991241088381,0.991133993341,0.991187540861,0.9040207522697795,0.9912410883807701,1.001937984496124,0.197020947036,0.340199335548,25,1548,1551,1529,0.00209392506105,0.0172351421189,1.04545454545,1.0
RNASimSmallR02,SAPDMul,0.991300379423,0.991416223844,0.991358301634,0.9066147859922179,0.9913003794233911,1.0,0.197020947036,0.340199335548,25,1548,1548,1529,0.00209392506105,0.0172351421189,1.04545454545,1.0
RNASimSmallR02,SparseSAPD,0.991431374927,0.991398584438,0.991414979682,0.9033722438391699,0.9914313749269594,1.0012919896640826,0.197020947036,0.340199335548,25,1548,1550,1529,0.00209392506105,0.0172351421189,1.04545454545,1.0
RNASimSmallR03,BPPD,0.993364727434,0.993469223166,0.9934169753,0.9146735617323852,0.9933647274344855,0.9993650793650793,0.219580192963,0.364116094987,25,1575,1574,1534,0.00197169547195,0.0298920634921,1.00856898029,1.0
RNASimSmallR03,BPMAP,0.991255733631,0.991251388886,0.991253561258,0.8959276018099548,0.9912557336307991,1.0,0.219580192963,0.364116094987,25,1575,1575,1534,0.00197169547195,0.0298920634921,1.00856898029,1.0
RNASimSmallR03,MAFFT,0.989637952833,0.989802783689,0.989720368261,0.8791208791208791,0.9896379528328553,0.9974603174603175,0.219580192963,0.364116094987,25,1575,1571,1534,0.00197169547195,0.0298920634921,1.00856898029,1.0
RNASimSmallR03,Muscle,0.9863040115,0.986383987762,0.986343999631,0.8661926308985133,0.9863040115002476,0.9949206349206349,0.219580192963,0.364116094987,25,1575,1567,1534,0.00197169547195,0.0298920634921,1.00856898029,1.0
RNASimSmallR03,Clustal,0.986070689716,0.986077172743,0.98607393123,0.8564964447317388,0.9860706897156282,0.9955555555555555,0.219580192963,0.364116094987,25,1575,1568,1534,0.00197169547195,0.0298920634921,1.00856898029,1.0
RNASimSmallR03,GINSI,0.990507764482,0.990664057278,0.99058591088,0.8791208791208791,0.9905077644821232,0.9980952380952381,0.219580192963,0.364116094987,25,1575,1572,1534,0.00197169547195,0.0298920634921,1.00856898029,1.0
RNASimSmallR03,EINSI,0.988829533154,0.989005064639,0.988917298897,0.8804137039431157,0.9888295331542436,0.9974603174603175,0.219580192963,0.364116094987,25,1575,1571,1534,0.00197169547195,0.0298920634921,1.00856898029,1.0
RNASimSmallR03,LINSI,0.989637952833,0.989802783689,0.989720368261,0.8791208791208791,0.9896379528328553,0.9974603174603175,0.219580192963,0.364116094987,25,1575,1571,1534,0.00197169547195,0.0298920634921,1.00856898029,1.0
RNASimSmallR03,DiAlign,0.971562546606,0.970810934011,0.971186740308,0.7104072398190046,0.9715625466061919,1.005079365079365,0.219580192963,0.364116094987,25,1575,1583,1534,0.00197169547195,0.0298920634921,1.00856898029,1.0
RNASimSmallR03,KAlign,0.991685786728,0.991742292916,0.991714039822,0.8901098901098901,0.9916857867275002,0.9987301587301587,0.219580192963,0.364116094987,25,1575,1573,1534,0.00197169547195,0.0298920634921,1.00856898029,1.0
RNASimSmallR03,Prime,0.989189639414,0.989033554605,0.989111597009,0.870071105365223,0.9891896394135401,1.0019047619047619,0.219580192963,0.364116094987,25,1575,1578,1534,0.00197169547195,0.0298920634921,1.00856898029,1.0
RNASimSmallR03,ProbAlign,0.991105160278,0.991172493595,0.991138826937,0.885585003232062,0.9911051602780432,1.0006349206349205,0.219580192963,0.364116094987,25,1575,1576,1534,0.00197169547195,0.0298920634921,1.00856898029,1.0
RNASimSmallR03,DefaultProbCons,0.991736297835,0.991805847456,0.991771072646,0.8894634776987718,0.9917362978351335,1.0,0.219580192963,0.364116094987,25,1575,1575,1534,0.00197169547195,0.0298920634921,1.00856898029,1.0
RNASimSmallR03,SAPD,0.994026423107,0.994117917778,0.994072170443,0.918552036199095,0.9940264231071804,0.9993650793650793,0.219580192963,0.364116094987,25,1575,1574,1534,0.00197169547195,0.0298920634921,1.00856898029,1.0
RNASimSmallR03,SAPDSum,0.994231839719,0.994225303035,0.994228571377,0.9198448610213316,0.9942318397187803,1.0006349206349205,0.219580192963,0.364116094987,25,1575,1576,1534,0.00197169547195,0.0298920634921,1.00856898029,1.0
RNASimSmallR03,SAPDMul,0.994383610574,0.994475138122,0.994429374348,0.9224305106658048,0.9943836105736256,0.9993650793650793,0.219580192963,0.364116094987,25,1575,1574,1534,0.00197169547195,0.0298920634921,1.00856898029,1.0
RNASimSmallR03,SparseSAPD,0.993829203034,0.993920679551,0.993874941293,0.9159663865546218,0.993829203033683,0.9993650793650793,0.219580192963,0.364116094987,25,1575,1574,1534,0.00197169547195,0.0298920634921,1.00856898029,1.0
RNASimSmallR04,BPPD,0.995045643792,0.995043457628,0.99504455071,0.9327676240208878,0.9950456437916754,1.0,0.196498122551,0.251485148515,25,1538,1538,1528,0.00196687607255,0.00920676202861,1.00283286119,1.0
RNASimSmallR04,BPMAP,0.993891841654,0.993832883671,0.993862362662,0.9171018276762402,0.993891841653685,1.0,0.196498122551,0.251485148515,25,1538,1538,1528,0.00196687607255,0.00920676202861,1.00283286119,1.0
RNASimSmallR04,MAFFT,0.991178926092,0.991187636766,0.991183281429,0.9001305483028721,0.9911789260919237,1.0,0.196498122551,0.251485148515,25,1538,1538,1528,0.00196687607255,0.00920676202861,1.00283286119,1.0
RNASimSmallR04,Muscle,0.993446015868,0.993417641424,0.993431828646,0.9203655352480418,0.9934460158675406,1.0,0.196498122551,0.251485148515,25,1538,1538,1528,0.00196687607255,0.00920676202861,1.00283286119,1.0
RNASimSmallR04,Clustal,0.991392170346,0.991416129854,0.9914041501,0.8968668407310705,0.9913921703462685,1.0,0.196498122551,0.251485148515,25,1538,1538,1528,0.00196687607255,0.00920676202861,1.00283286119,1.0
RNASimSmallR04,GINSI,0.992022550411,0.992026909455,0.992024729933,0.9040469973890339,0.992022550411066,1.0,0.196498122551,0.251485148515,25,1538,1538,1528,0.00196687607255,0.00920676202861,1.00283286119,1.0
RNASimSmallR04,EINSI,0.990972425142,0.990983311216,0.990977868179,0.8994778067885117,0.9909724251418729,1.0,0.196498122551,0.251485148515,25,1538,1538,1528,0.00196687607255,0.00920676202861,1.00283286119,1.0
RNASimSmallR04,LINSI,0.991178926092,0.991187636766,0.991183281429,0.9001305483028721,0.9911789260919237,1.0,0.196498122551,0.251485148515,25,1538,1538,1528,0.00196687607255,0.00920676202861,1.00283286119,1.0
RNASimSmallR04,DiAlign,0.971453753014,0.971080245015,0.971266999014,0.7467362924281984,0.9714537530138622,1.0019505851755526,0.196498122551,0.251485148515,25,1538,1541,1528,0.00196687607255,0.00920676202861,1.00283286119,1.0
RNASimSmallR04,KAlign,0.990637654602,0.990561477823,0.990599566212,0.8890339425587467,0.9906376546017432,1.0013003901170352,0.196498122551,0.251485148515,25,1538,1540,1528,0.00196687607255,0.00920676202861,1.00283286119,1.0
RNASimSmallR04,Prime,0.987006674804,0.986006995404,0.986506835104,0.8746736292428199,0.9870066748039895,1.005851755526658,0.196498122551,0.251485148515,25,1538,1547,1528,0.00196687607255,0.00920676202861,1.00283286119,1.0
RNASimSmallR04,ProbAlign,0.992925580179,0.99293648771,0.992931033945,0.9092689295039165,0.9929255801793212,1.0,0.196498122551,0.251485148515,25,1538,1538,1528,0.00196687607255,0.00920676202861,1.00283286119,1.0
RNASimSmallR04,DefaultProbCons,0.994008397472,0.993966903655,0.993987650563,0.9216710182767625,0.9940083974715306,1.0006501950585176,0.196498122551,0.251485148515,25,1538,1539,1528,0.00196687607255,0.00920676202861,1.00283286119,1.0
RNASimSmallR04,SAPD,0.993824122612,0.993828489573,0.993826306093,0.9281984334203656,0.9938241226123675,1.0,0.196498122551,0.251485148515,25,1538,1538,1528,0.00196687607255,0.00920676202861,1.00283286119,1.0
RNASimSmallR04,SAPDSum,0.993824122612,0.993828489573,0.993826306093,0.9281984334203656,0.9938241226123675,1.0,0.196498122551,0.251485148515,25,1538,1538,1528,0.00196687607255,0.00920676202861,1.00283286119,1.0
RNASimSmallR04,SAPDMul,0.994131656538,0.994127288226,0.994129472382,0.9308093994778068,0.9941316565382267,1.0,0.196498122551,0.251485148515,25,1538,1538,1528,0.00196687607255,0.00920676202861,1.00283286119,1.0
RNASimSmallR04,SparseSAPD,0.994153691347,0.99416024396,0.994156967654,0.924934725848564,0.9941536913474193,1.0,0.196498122551,0.251485148515,25,1538,1538,1528,0.00196687607255,0.00920676202861,1.00283286119,1.0
RNASimSmallR05,BPPD,0.994455749276,0.994457934581,0.994456841928,0.9412532637075718,0.9944557492759292,1.0006493506493506,0.191723086779,0.249670619236,25,1540,1541,1531,0.00199408675507,0.0104935064935,1.00748129676,1.0
RNASimSmallR05,BPMAP,0.994110084283,0.99400085702,0.994055470652,0.9197127937336814,0.9941100842829357,1.0012987012987014,0.191723086779,0.249670619236,25,1540,1542,1531,0.00199408675507,0.0104935064935,1.00748129676,1.0
RNASimSmallR05,MAFFT,0.990147523478,0.990254139519,0.990200831498,0.9151436031331592,0.9901475234776341,1.0,0.191723086779,0.249670619236,25,1540,1540,1531,0.00199408675507,0.0104935064935,1.00748129676,1.0
RNASimSmallR05,Muscle,0.994124290806,0.994187643523,0.994155967165,0.9255874673629243,0.9941242908058555,0.9993506493506493,0.191723086779,0.249670619236,25,1540,1539,1531,0.00199408675507,0.0104935064935,1.00748129676,1.0
RNASimSmallR05,Clustal,0.989804416182,0.989878369024,0.989841392603,0.9099216710182768,0.9898044161819736,0.9993506493506493,0.191723086779,0.249670619236,25,1540,1539,1531,0.00199408675507,0.0104935064935,1.00748129676,1.0
RNASimSmallR05,GINSI,0.992423709745,0.992508762484,0.992466236115,0.9171018276762402,0.9924237097454648,0.9993506493506493,0.191723086779,0.249670619236,25,1540,1539,1531,0.00199408675507,0.0104935064935,1.00748129676,1.0
RNASimSmallR05,EINSI,0.988877658639,0.988997176228,0.988937417434,0.9171018276762402,0.9888776586394797,1.0,0.191723086779,0.249670619236,25,1540,1540,1531,0.00199408675507,0.0104935064935,1.00748129676,1.0
RNASimSmallR05,LINSI,0.990358756218,0.990495863228,0.990427309723,0.9151436031331592,0.9903587562180309,0.9993506493506493,0.191723086779,0.249670619236,25,1540,1539,1531,0.00199408675507,0.0104935064935,1.00748129676,1.0
RNASimSmallR05,DiAlign,0.978516862635,0.977293353697,0.977905108166,0.8237597911227154,0.9785168626346546,1.0058441558441558,0.191723086779,0.249670619236,25,1540,1549,1531,0.00199408675507,0.0104935064935,1.00748129676,1.0
RNASimSmallR05,KAlign,0.994159384208,0.994211815894,0.994185600051,0.9177545691906005,0.9941593842083636,1.0,0.191723086779,0.249670619236,25,1540,1540,1531,0.00199408675507,0.0104935064935,1.00748129676,1.0
RNASimSmallR05,Prime,0.991495114472,0.991168294639,0.991331704556,0.9014360313315927,0.9914951144719343,1.0045454545454546,0.191723086779,0.249670619236,25,1540,1547,1531,0.00199408675507,0.0104935064935,1.00748129676,1.0
RNASimSmallR05,ProbAlign,0.991652017228,0.991684704383,0.991668360805,0.9203655352480418,0.9916520172277402,0.9993506493506493,0.191723086779,0.249670619236,25,1540,1539,1531,0.00199408675507,0.0104935064935,1.00748129676,1.0
RNASimSmallR05,DefaultProbCons,0.994240838847,0.99431949282,0.994280165833,0.9268929503916449,0.9942408388467615,0.9993506493506493,0.191723086779,0.249670619236,25,1540,1539,1531,0.00199408675507,0.0104935064935,1.00748129676,1.0
RNASimSmallR05,SAPD,0.994254831414,0.994093151528,0.994173991471,0.9425587467362925,0.9942548314142478,1.001948051948052,0.191723086779,0.249670619236,25,1540,1543,1531,0.00199408675507,0.0104935064935,1.00748129676,1.0
RNASimSmallR05,SAPDSum,0.994147791352,0.993723973498,0.993935882425,0.9406005221932114,0.9941477913518338,1.0025974025974025,0.191723086779,0.249670619236,25,1540,1544,1531,0.00199408675507,0.0104935064935,1.00748129676,1.0
RNASimSmallR05,SAPDMul,0.994097572445,0.994101941481,0.994099756963,0.9406005221932114,0.9940975724453762,1.0006493506493506,0.191723086779,0.249670619236,25,1540,1541,1531,0.00199408675507,0.0104935064935,1.00748129676,1.0
RNASimSmallR05,SparseSAPD,0.994202083118,0.994040411809,0.994121247464,0.9412532637075718,0.9942020831181276,1.001948051948052,0.191723086779,0.249670619236,25,1540,1543,1531,0.00199408675507,0.0104935064935,1.00748129676,1.0
RNASimSmallR06,BPPD,0.992840121674,0.99298842167,0.992914271672,0.9145466405740378,0.9928401216740059,0.9987080103359173,0.187016307673,0.325985303941,25,1548,1546,1531,0.00230287513724,0.0151162790698,1.01386481802,1.0
RNASimSmallR06,BPMAP,0.99125,0.991147662697,0.991198831349,0.8851924331376386,0.99125,1.0006459948320414,0.187016307673,0.325985303941,25,1548,1549,1531,0.00230287513724,0.0151162790698,1.01386481802,1.0
RNASimSmallR06,MAFFT,0.990716119215,0.991077371185,0.9908967452,0.8930202217873451,0.9907161192148665,0.9954780361757106,0.187016307673,0.325985303941,25,1548,1541,1531,0.00230287513724,0.0151162790698,1.01386481802,1.0
RNASimSmallR06,Muscle,0.991262300086,0.991558428721,0.991410364403,0.8995433789954338,0.9912623000858618,0.9954780361757106,0.187016307673,0.325985303941,25,1548,1541,1531,0.00230287513724,0.0151162790698,1.01386481802,1.0
RNASimSmallR06,Clustal,0.988144184984,0.988267907312,0.988206046148,0.8786692759295499,0.9881441849840985,0.9961240310077519,0.187016307673,0.325985303941,25,1548,1542,1531,0.00230287513724,0.0151162790698,1.01386481802,1.0
RNASimSmallR06,GINSI,0.990610576057,0.990956557649,0.990783566853,0.8891063274624919,0.9906105760574081,0.9954780361757106,0.187016307673,0.325985303941,25,1548,1541,1531,0.00230287513724,0.0151162790698,1.01386481802,1.0
RNASimSmallR06,EINSI,0.990818959365,0.991141072868,0.990980016117,0.8923679060665362,0.9908189593649469,0.9954780361757106,0.187016307673,0.325985303941,25,1548,1541,1531,0.00230287513724,0.0151162790698,1.01386481802,1.0
RNASimSmallR06,LINSI,0.990716119215,0.991077371185,0.9908967452,0.8930202217873451,0.9907161192148665,0.9954780361757106,0.187016307673,0.325985303941,25,1548,1541,1531,0.00230287513724,0.0151162790698,1.01386481802,1.0
RNASimSmallR06,DiAlign,0.96979381194,0.969210121099,0.96950196652,0.7527723418134377,0.9697938119404887,1.0012919896640826,0.187016307673,0.325985303941,25,1548,1550,1531,0.00230287513724,0.0151162790698,1.01386481802,1.0
RNASimSmallR06,KAlign,0.99032944447,0.990668801771,0.990499123121,0.8858447488584474,0.9903294444700628,0.9954780361757106,0.187016307673,0.325985303941,25,1548,1541,1531,0.00230287513724,0.0151162790698,1.01386481802,1.0
RNASimSmallR06,Prime,0.986882205723,0.986578714412,0.986730460068,0.8434442270058709,0.9868822057230497,1.003875968992248,0.187016307673,0.325985303941,25,1548,1554,1531,0.00230287513724,0.0151162790698,1.01386481802,1.0
RNASimSmallR06,ProbAlign,0.992213924885,0.992329438744,0.992271681814,0.9106327462491846,0.9922139248846914,0.9967700258397932,0.187016307673,0.325985303941,25,1548,1543,1531,0.00230287513724,0.0151162790698,1.01386481802,1.0
RNASimSmallR06,DefaultProbCons,0.99290210082,0.993118021645,0.993010061233,0.913894324853229,0.9929021008200357,0.9967700258397932,0.187016307673,0.325985303941,25,1548,1543,1531,0.00230287513724,0.0151162790698,1.01386481802,1.0
RNASimSmallR06,SAPD,0.992270934716,0.992092204891,0.992181569803,0.9106327462491846,0.9922709347159822,1.0012919896640826,0.187016307673,0.325985303941,25,1548,1550,1531,0.00230287513724,0.0151162790698,1.01386481802,1.0
RNASimSmallR06,SAPDSum,0.992323258067,0.992092204891,0.992207731479,0.9112850619699935,0.9923232580672803,1.001937984496124,0.187016307673,0.325985303941,25,1548,1551,1531,0.00230287513724,0.0151162790698,1.01386481802,1.0
RNASimSmallR06,SAPDMul,0.992619715464,0.992663323427,0.992641519445,0.9106327462491846,0.992619715463673,1.0,0.187016307673,0.325985303941,25,1548,1548,1531,0.00230287513724,0.0151162790698,1.01386481802,1.0
RNASimSmallR06,SparseSAPD,0.992110553316,0.991931852379,0.992021202847,0.9060665362035225,0.9921105533158305,1.0012919896640826,0.187016307673,0.325985303941,25,1548,1550,1531,0.00230287513724,0.0151162790698,1.01386481802,1.0
RNASimSmallR07,BPPD,0.99568532135,0.995763675154,0.995724498252,0.9467186484730344,0.995685321349572,0.9993544222078761,0.198282222387,0.278763971072,25,1549,1548,1533,0.00131825608563,0.0118528082634,1.00437636761,1.0
RNASimSmallR07,BPMAP,0.994323447637,0.994375612059,0.994349529848,0.9369720597790773,0.9943234476367007,0.9993544222078761,0.198282222387,0.278763971072,25,1549,1548,1533,0.00131825608563,0.0118528082634,1.00437636761,1.0
RNASimSmallR07,MAFFT,0.991022138689,0.991234436206,0.991128287448,0.916829109811566,0.9910221386891623,0.9980632666236281,0.198282222387,0.278763971072,25,1549,1546,1533,0.00131825608563,0.0118528082634,1.00437636761,1.0
RNASimSmallR07,Muscle,0.993520102979,0.99373076385,0.993625433415,0.9226770630279402,0.9935201029790043,0.9980632666236281,0.198282222387,0.278763971072,25,1549,1546,1533,0.00131825608563,0.0118528082634,1.00437636761,1.0
RNASimSmallR07,Clustal,0.990381778486,0.990591773923,0.990486776204,0.9213775178687459,0.9903817784858677,0.9980632666236281,0.198282222387,0.278763971072,25,1549,1546,1533,0.00131825608563,0.0118528082634,1.00437636761,1.0
RNASimSmallR07,GINSI,0.993920055948,0.994132974259,0.994026515103,0.9246263807667316,0.9939200559477238,0.9980632666236281,0.198282222387,0.278763971072,25,1549,1546,1533,0.00131825608563,0.0118528082634,1.00437636761,1.0
RNASimSmallR07,EINSI,0.990856043884,0.99106830582,0.990962174852,0.916829109811566,0.9908560438839958,0.9980632666236281,0.198282222387,0.278763971072,25,1549,1546,1533,0.00131825608563,0.0118528082634,1.00437636761,1.0
RNASimSmallR07,LINSI,0.991022138689,0.991234436206,0.991128287448,0.916829109811566,0.9910221386891623,0.9980632666236281,0.198282222387,0.278763971072,25,1549,1546,1533,0.00131825608563,0.0118528082634,1.00437636761,1.0
RNASimSmallR07,DiAlign,0.981793593621,0.980741990767,0.981267792194,0.8362573099415205,0.9817935936207554,1.0012911555842479,0.198282222387,0.278763971072,25,1549,1551,1533,0.00131825608563,0.0118528082634,1.00437636761,1.0
RNASimSmallR07,KAlign,0.992066804933,0.992281494824,0.992174149878,0.9129304743339831,0.9920668049330049,0.9987088444157521,0.198282222387,0.278763971072,25,1549,1547,1533,0.00131825608563,0.0118528082634,1.00437636761,1.0
RNASimSmallR07,Prime,0.991850350754,0.991787475518,0.991818913136,0.916829109811566,0.991850350754083,1.0012911555842479,0.198282222387,0.278763971072,25,1549,1551,1533,0.00131825608563,0.0118528082634,1.00437636761,1.0
RNASimSmallR07,ProbAlign,0.992602224796,0.9928148608,0.992708542798,0.9239766081871345,0.9926022247962061,0.9987088444157521,0.198282222387,0.278763971072,25,1549,1547,1533,0.00131825608563,0.0118528082634,1.00437636761,1.0
RNASimSmallR07,DefaultProbCons,0.995226490356,0.99534179141,0.995284140883,0.9350227420402859,0.9952264903557183,0.9993544222078761,0.198282222387,0.278763971072,25,1549,1548,1533,0.00131825608563,0.0118528082634,1.00437636761,1.0
RNASimSmallR07,SAPD,0.996920285895,0.997003095271,0.996961690583,0.9545159194282001,0.9969202858953903,0.9993544222078761,0.198282222387,0.278763971072,25,1549,1548,1533,0.00131825608563,0.0118528082634,1.00437636761,1.0
RNASimSmallR07,SAPDSum,0.996920285895,0.997003095271,0.996961690583,0.9545159194282001,0.9969202858953903,0.9993544222078761,0.198282222387,0.278763971072,25,1549,1548,1533,0.00131825608563,0.0118528082634,1.00437636761,1.0
RNASimSmallR07,SAPDMul,0.996867828026,0.996950633044,0.996909230535,0.9538661468486029,0.9968678280256169,0.9993544222078761,0.198282222387,0.278763971072,25,1549,1548,1533,0.00131825608563,0.0118528082634,1.00437636761,1.0
RNASimSmallR07,SparseSAPD,0.996821899604,0.996895984891,0.996858942247,0.9545159194282001,0.9968218996035024,0.9993544222078761,0.198282222387,0.278763971072,25,1549,1548,1533,0.00131825608563,0.0118528082634,1.00437636761,1.0
RNASimSmallR08,BPPD,0.993910269053,0.993888489587,0.99389937932,0.9108653220559532,0.9939102690525965,1.000646830530401,0.205618072099,0.346103038309,25,1546,1547,1532,0.00157249749485,0.0114877102199,1.04470588235,1.0
RNASimSmallR08,BPMAP,0.993084285814,0.993084285814,0.993084285814,0.900455432661028,0.9930842858144591,1.0,0.205618072099,0.346103038309,25,1546,1546,1532,0.00157249749485,0.0114877102199,1.04470588235,1.0
RNASimSmallR08,MAFFT,0.988149462684,0.988329184489,0.988239323586,0.8536109303838647,0.9881494626836241,0.9987063389391979,0.205618072099,0.346103038309,25,1546,1544,1532,0.00157249749485,0.0114877102199,1.04470588235,1.0
RNASimSmallR08,Muscle,0.990078573839,0.990152338546,0.990115456192,0.8757319453480806,0.9900785738388119,0.999353169469599,0.205618072099,0.346103038309,25,1546,1545,1532,0.00157249749485,0.0114877102199,1.04470588235,1.0
RNASimSmallR08,Clustal,0.989092805371,0.989188170535,0.989140487953,0.8666232921275211,0.9890928053707745,1.0,0.205618072099,0.346103038309,25,1546,1546,1532,0.00157249749485,0.0114877102199,1.04470588235,1.0
RNASimSmallR08,GINSI,0.986992500477,0.987159035131,0.987075767804,0.8510084580351334,0.9869925004765254,0.9987063389391979,0.205618072099,0.346103038309,25,1546,1544,1532,0.00157249749485,0.0114877102199,1.04470588235,1.0
RNASimSmallR08,EINSI,0.988101236981,0.988278784798,0.988190010889,0.8536109303838647,0.988101236980593,0.9987063389391979,0.205618072099,0.346103038309,25,1546,1544,1532,0.00157249749485,0.0114877102199,1.04470588235,1.0
RNASimSmallR08,LINSI,0.988149462684,0.988329184489,0.988239323586,0.8536109303838647,0.9881494626836241,0.9987063389391979,0.205618072099,0.346103038309,25,1546,1544,1532,0.00157249749485,0.0114877102199,1.04470588235,1.0
RNASimSmallR08,DiAlign,0.975607615654,0.974423252226,0.97501543394,0.7605725439167209,0.975607615654303,1.0097024579560154,0.205618072099,0.346103038309,25,1546,1561,1532,0.00157249749485,0.0114877102199,1.04470588235,1.0
RNASimSmallR08,KAlign,0.987591328828,0.98781423112,0.987702779974,0.8516590761223162,0.9875913288275953,1.0,0.205618072099,0.346103038309,25,1546,1546,1532,0.00157249749485,0.0114877102199,1.04470588235,1.0
RNASimSmallR08,Prime,0.985099177976,0.984227087862,0.984663132919,0.8041639557579701,0.9850991779764359,1.0116429495472186,0.205618072099,0.346103038309,25,1546,1564,1532,0.00157249749485,0.0114877102199,1.04470588235,1.0
RNASimSmallR08,ProbAlign,0.990586523565,0.990619083514,0.99060280354,0.8809368900455433,0.9905865235654637,1.001293661060802,0.205618072099,0.346103038309,25,1546,1548,1532,0.00157249749485,0.0114877102199,1.04470588235,1.0
RNASimSmallR08,DefaultProbCons,0.991478592401,0.991539425706,0.991509009054,0.8998048145738452,0.9914785924010693,1.001293661060802,0.205618072099,0.346103038309,25,1546,1548,1532,0.00157249749485,0.0114877102199,1.04470588235,1.0
RNASimSmallR08,SAPD,0.992593469105,0.992597819227,0.992595644166,0.9056603773584906,0.9925934691051246,1.0,0.205618072099,0.346103038309,25,1546,1546,1532,0.00157249749485,0.0114877102199,1.04470588235,1.0
RNASimSmallR08,SAPDSum,0.992593469105,0.992597819227,0.992595644166,0.9056603773584906,0.9925934691051246,1.0,0.205618072099,0.346103038309,25,1546,1546,1532,0.00157249749485,0.0114877102199,1.04470588235,1.0
RNASimSmallR08,SAPDMul,0.992591245354,0.992591245354,0.992591245354,0.9056603773584906,0.9925912453544632,1.0,0.205618072099,0.346103038309,25,1546,1546,1532,0.00157249749485,0.0114877102199,1.04470588235,1.0
RNASimSmallR08,SparseSAPD,0.992852071628,0.992860774139,0.992856422884,0.9108653220559532,0.9928520716282901,1.0,0.205618072099,0.346103038309,25,1546,1546,1532,0.00157249749485,0.0114877102199,1.04470588235,1.0
RNASimSmallR09,BPPD,0.995006984538,0.995074419337,0.995040701937,0.9512353706111834,0.9950069845378291,1.0,0.177425099822,0.246234446627,25,1542,1542,1536,0.00154889409204,0.00715953307393,1.07392996109,1.0
RNASimSmallR09,BPMAP,0.993680283578,0.993443490276,0.993561886927,0.9434330299089727,0.9936802835781403,1.0006485084306096,0.177425099822,0.246234446627,25,1542,1543,1536,0.00154889409204,0.00715953307393,1.07392996109,1.0
RNASimSmallR09,MAFFT,0.994327298482,0.994427294669,0.994377296576,0.9427828348504551,0.9943272984824704,0.9993514915693904,0.177425099822,0.246234446627,25,1542,1541,1536,0.00154889409204,0.00715953307393,1.07392996109,1.0
RNASimSmallR09,Muscle,0.995555808163,0.995649398349,0.995602603256,0.9408322496749024,0.9955558081630601,0.9993514915693904,0.177425099822,0.246234446627,25,1542,1541,1536,0.00154889409204,0.00715953307393,1.07392996109,1.0
RNASimSmallR09,Clustal,0.993000205491,0.99307401707,0.99303711128,0.9252275682704811,0.9930002054905321,0.9993514915693904,0.177425099822,0.246234446627,25,1542,1541,1536,0.00154889409204,0.00715953307393,1.07392996109,1.0
RNASimSmallR09,GINSI,0.995094588746,0.995194662096,0.995144625421,0.9460338101430429,0.995094588745535,0.9993514915693904,0.177425099822,0.246234446627,25,1542,1541,1536,0.00154889409204,0.00715953307393,1.07392996109,1.0
RNASimSmallR09,EINSI,0.994574294134,0.994669966419,0.994622130277,0.9421326397919376,0.9945742941335921,0.9993514915693904,0.177425099822,0.246234446627,25,1542,1541,1536,0.00154889409204,0.00715953307393,1.07392996109,1.0
RNASimSmallR09,LINSI,0.994554643746,0.994654662796,0.994604653271,0.9427828348504551,0.9945546437456007,0.9993514915693904,0.177425099822,0.246234446627,25,1542,1541,1536,0.00154889409204,0.00715953307393,1.07392996109,1.0
RNASimSmallR09,DiAlign,0.978023180729,0.976819382258,0.977421281493,0.8342002600780234,0.9780231807286935,1.0051880674448768,0.177425099822,0.246234446627,25,1542,1550,1536,0.00154889409204,0.00715953307393,1.07392996109,1.0
RNASimSmallR09,KAlign,0.993575240081,0.993664299706,0.993619769894,0.9349804941482445,0.993575240081408,1.0006485084306096,0.177425099822,0.246234446627,25,1542,1543,1536,0.00154889409204,0.00715953307393,1.07392996109,1.0
RNASimSmallR09,Prime,0.988120860565,0.98764560305,0.987883231808,0.9037711313394018,0.9881208605650192,1.0006485084306096,0.177425099822,0.246234446627,25,1542,1543,1536,0.00154889409204,0.00715953307393,1.07392996109,1.0
RNASimSmallR09,ProbAlign,0.993456836546,0.993491587379,0.993474211962,0.9258777633289987,0.9934568365455245,1.0,0.177425099822,0.246234446627,25,1542,1542,1536,0.00154889409204,0.00715953307393,1.07392996109,1.0
RNASimSmallR09,DefaultProbCons,0.995155426425,0.995179358472,0.995167392449,0.9382314694408322,0.995155426425225,0.9993514915693904,0.177425099822,0.246234446627,25,1542,1541,1536,0.00154889409204,0.00715953307393,1.07392996109,1.0
RNASimSmallR09,SAPD,0.993693624744,0.993491587379,0.993592606062,0.9538361508452535,0.9936936247444321,1.0006485084306096,0.177425099822,0.246234446627,25,1542,1543,1536,0.00154889409204,0.00715953307393,1.07392996109,1.0
RNASimSmallR09,SAPDSum,0.993875038541,0.993659927242,0.993767482891,0.9544863459037711,0.9938750385406804,1.0006485084306096,0.177425099822,0.246234446627,25,1542,1543,1536,0.00154889409204,0.00715953307393,1.07392996109,1.0
RNASimSmallR09,SAPDMul,0.993798476734,0.993579036659,0.993688756697,0.9544863459037711,0.9937984767344475,1.0006485084306096,0.177425099822,0.246234446627,25,1542,1543,1536,0.00154889409204,0.00715953307393,1.07392996109,1.0
RNASimSmallR09,SparseSAPD,0.993562395996,0.993356040996,0.993459218496,0.951885565669701,0.9935623959957404,1.0006485084306096,0.177425099822,0.246234446627,25,1542,1543,1536,0.00154889409204,0.00715953307393,1.07392996109,1.0
RNASimSmallR10,BPPD,0.996242040585,0.996237682237,0.996239861411,0.9440468445022772,0.9962420405850867,1.0,0.177944127384,0.248184818482,25,1544,1544,1536,0.00184556153242,0.00917098445596,1.00283286119,1.0
RNASimSmallR10,BPMAP,0.99465619634,0.99465619634,0.99465619634,0.9355888093689004,0.9946561963404897,1.0,0.177944127384,0.248184818482,25,1544,1544,1536,0.00184556153242,0.00917098445596,1.00283286119,1.0
RNASimSmallR10,MAFFT,0.992674962106,0.992748788731,0.992711875418,0.9238776837996097,0.9926749621062163,1.0,0.177944127384,0.248184818482,25,1544,1544,1536,0.00184556153242,0.00917098445596,1.00283286119,1.0
RNASimSmallR10,Muscle,0.994476322565,0.994384959479,0.994430641022,0.9271307742355237,0.9944763225652614,1.0,0.177944127384,0.248184818482,25,1544,1544,1536,0.00184556153242,0.00917098445596,1.00283286119,1.0
RNASimSmallR10,Clustal,0.992661469543,0.992685354303,0.992673411923,0.9128171763175016,0.9926614695434581,1.0,0.177944127384,0.248184818482,25,1544,1544,1536,0.00184556153242,0.00917098445596,1.00283286119,1.0
RNASimSmallR10,GINSI,0.993064289292,0.993138144871,0.993101217082,0.9258295380611581,0.9930642892919713,1.0,0.177944127384,0.248184818482,25,1544,1544,1536,0.00184556153242,0.00917098445596,1.00283286119,1.0
RNASimSmallR10,EINSI,0.992631217479,0.99270504085,0.992668129164,0.9206245933636955,0.9926312174786034,1.0,0.177944127384,0.248184818482,25,1544,1544,1536,0.00184556153242,0.00917098445596,1.00283286119,1.0
RNASimSmallR10,LINSI,0.992674962106,0.992748788731,0.992711875418,0.9238776837996097,0.9926749621062163,1.0,0.177944127384,0.248184818482,25,1544,1544,1536,0.00184556153242,0.00917098445596,1.00283286119,1.0
RNASimSmallR10,DiAlign,0.979254827995,0.978948519681,0.979101673838,0.8321405335068315,0.9792548279951512,1.003238341968912,0.177944127384,0.248184818482,25,1544,1549,1536,0.00184556153242,0.00917098445596,1.00283286119,1.0
RNASimSmallR10,KAlign,0.99224609516,0.992298185557,0.992272140358,0.9180221210149642,0.9922460951597698,1.0,0.177944127384,0.248184818482,25,1544,1544,1536,0.00184556153242,0.00917098445596,1.00283286119,1.0
RNASimSmallR10,Prime,0.991539163368,0.991283234718,0.991411199043,0.9011060507482108,0.9915391633683188,1.0025906735751295,0.177944127384,0.248184818482,25,1544,1548,1536,0.00184556153242,0.00917098445596,1.00283286119,1.0
RNASimSmallR10,ProbAlign,0.994373591757,0.994297463717,0.994335527737,0.9310344827586207,0.9943735917572681,1.0006476683937824,0.177944127384,0.248184818482,25,1544,1545,1536,0.00184556153242,0.00917098445596,1.00283286119,1.0
RNASimSmallR10,DefaultProbCons,0.994183871892,0.994209967955,0.994196919923,0.9355888093689004,0.994183871892068,1.0,0.177944127384,0.248184818482,25,1544,1544,1536,0.00184556153242,0.00917098445596,1.00283286119,1.0
RNASimSmallR10,SAPD,0.995391211147,0.995402097711,0.995396654429,0.937540663630449,0.9953912111468382,1.0006476683937824,0.177944127384,0.248184818482,25,1544,1545,1536,0.00184556153242,0.00917098445596,1.00283286119,1.0
RNASimSmallR10,SAPDSum,0.995391211147,0.995402097711,0.995396654429,0.937540663630449,0.9953912111468382,1.0006476683937824,0.177944127384,0.248184818482,25,1544,1545,1536,0.00184556153242,0.00917098445596,1.00283286119,1.0
RNASimSmallR10,SAPDMul,0.995163576547,0.995143985213,0.99515378088,0.9362394274560832,0.9951635765471742,1.0006476683937824,0.177944127384,0.248184818482,25,1544,1545,1536,0.00184556153242,0.00917098445596,1.00283286119,1.0
RNASimSmallR10,SparseSAPD,0.995546514426,0.995557402688,0.995551958557,0.9401431359791802,0.995546514425706,1.0006476683937824,0.177944127384,0.248184818482,25,1544,1545,1536,0.00184556153242,0.00917098445596,1.00283286119,1.0
