Statistics,TL079,SF263,SF185,SF175,SF032,SF117,SF108,TL272,SF038,SF077,SF270,SF061,TL332,SF174,SF296,SF252,SF135,SF144,SF129,SF188,SF227,SF098,TL567,SF055,SF058,SF273,TL239,SF168,SF123,SF066,SF244,SF133,SF064,SF173,SF221,SF172,SF150,TL028,SF190,SF121,SF102,SF099,SF081,SF222,SF268,SF303,TL788,SF285,TL639,SF261,SF271,SF120,SF192,SF151,SF257,SF183,SF001,SF217,SF266,SF142,SF255,SF180,SF145,SF110,SF137,SF210,SF097,SF253,SF087,SF047,SF294,SF224,SF065,SF103,SF207,SF161,SF292,SF274,SF170,SF025,SF215,SF318,TL306,SF013,SF237,SF134,SF019,SF275,SF208,SF154,SF279,TL436,SF300,TL587,SF075,TL526,SF295,SF241,TL008,SF281,SF203,SF091,TL553,SF026,SF238,SF264,SF153,SF313,TL548,TL443,TL258,SF256,SF018,SF139,SF009,SF197,TL142,SF057,SF299,SF163,TL568,SF202,SF184,SF260,SF187,SF199,SF307,SF039,SF008,SF156,SF181,TL413,SF248,SF213,SF131,SF119,TL704,TL366,TL657,SF068,SF015,SF096,SF051,SF027,SF251,SF088,TL346,SF212,SF071,SF178,TL379,SF043,SF093,SF092,SF191,SF160,SF304,SF311,SF223,TL722,TL473,SF229,SF118,TL327,TL026,SF291,SF141,SF243,SF283,SF316,SF245,SF028,SF086,SF049,SF194,TL347,TL001,SF239,SF072,SF269,SF022,TL046,SF165,SF082,SF200,TL400,TL167
1-SPFP,0.155440414508,0.55908203125,0.753968253968,0.757201646091,0.453293636025,0.470046082949,0.37128072445,0.323353293413,0.78734858681,0.637997432606,0.798429319372,0.664050235479,0.138461538462,0.948979591837,0.64308681672,0.439646712463,0.304063860668,0.443206521739,0.489411764706,0.75457396759,0.756791720569,0.399109792285,0.230088495575,0.640063665302,0.415527610716,0.871382636656,0.2331002331,0.628865979381,0.434911242604,0.733108108108,0.461370262391,0.488612836439,0.463755065286,0.556259904913,0.233038348083,0.797872340426,0.47721822542,0.208178438662,0.563636363636,0.567401960784,0.704337202199,0.546290619252,0.906724511931,0.952482648158,0.975698663426,0.377618522602,0.0421052631579,0.465705128205,0.131782945736,0.775539568345,0.666225165563,0.784244144784,0.791257805531,0.705763397371,0.873015873016,0.424858757062,0.482384823848,0.373263888889,0.288022479803,0.615722441809,0.69701181376,0.636091724826,0.343042071197,0.863945578231,0.964783565664,0.236334405145,0.301351351351,0.644951140065,0.54078666925,0.605697151424,0.235237173282,0.867924528302,0.557468220339,0.855945730247,0.848518111965,0.550055411895,0.376744186047,0.122891566265,0.321818181818,0.934819897084,0.515172413793,0.6401179941,0.455128205128,0.646205896568,0.418269230769,0.627306273063,0.353904282116,0.278335724534,0.807745504841,0.922829581994,0.627700503107,0.166666666667,0.859749144812,0.442307692308,0.517692307692,0.13597733711,0.838616714697,0.793984962406,0.0,0.687096774194,0.882627952756,0.350732600733,0.142857142857,0.403485254692,0.648984198646,0.71377672209,0.306201550388,0.621513944223,0.460093896714,0.0198675496689,0.0176991150442,0.729549248748,0.846698113208,0.546839982071,0.545432037633,0.627631578947,0.110576923077,0.648351648352,0.368028713418,0.405668241178,0.0142276422764,0.367924528302,0.815217391304,0.517410609956,0.270229007634,0.503861003861,0.637159533074,0.847018030513,0.481753972925,0.139872315728,0.658181818182,0.057761732852,0.131935881628,0.662201514269,0.714749368915,0.198208543868,0.28025477707,0.0198675496689,0.123552123552,0.568281938326,0.481375358166,0.310626702997,0.559300873908,0.390549662488,0.552680221811,0.425702811245,0.374100719424,0.638694638695,0.555319148936,0.592082616179,0.120930232558,0.353666450357,0.656022763199,0.328676755918,0.769401330377,0.162601626016,0.700980392157,0.629933367504,0.725571725572,0.761329305136,0.392947103275,0.490485657484,0.768424611224,0.0,0.0729613733906,0.436583577713,0.761625282167,0.578064516129,0.488075792225,0.613624408206,0.66794942276,0.482352941176,0.463917525773,0.576561994173,0.660421545667,0.122807017544,0.0338345864662,0.817073170732,0.691931540342,0.828244274809,0.48600311042,0.0344827586207,0.336283185841,0.334934797529,0.298690995637,0.0,0.217948717949
1-SPFN,0.157894736842,0.551807228916,0.773255813953,0.803493449782,0.444363371032,0.463636363636,0.381142098274,0.311239193084,0.777925531915,0.649503397804,0.82343412527,0.685575364668,0.17880794702,0.989361702128,0.645161290323,0.453441295547,0.446695095949,0.506207324643,0.494355317885,0.768943933946,0.772787318362,0.439183673469,0.175675675676,0.666903577351,0.466543891958,0.900332225914,0.239234449761,0.663764961915,0.422413793103,0.769713506139,0.474157303371,0.536363636364,0.477736549165,0.609375,0.25,0.852272727273,0.556383970177,0.229508196721,0.586608442504,0.601298701299,0.736505908655,0.537394451146,0.902807775378,0.954010695187,0.975698663426,0.417682926829,0.0574162679426,0.489720256151,0.160377358491,0.790322580645,0.715301478953,0.817307692308,0.856177606178,0.738103630596,0.873015873016,0.390446521288,0.460742018982,0.363175675676,0.342379958246,0.629829290207,0.705344585091,0.642497482377,0.407692307692,0.887336244541,0.966911764706,0.296769851952,0.354155637904,0.609230769231,0.607663836273,0.668874172185,0.232981783317,0.920969441517,0.571234735414,0.873015873016,0.855088495575,0.688395746648,0.420961455175,0.125,0.336501901141,0.942906574394,0.529411764706,0.679984332158,0.522058823529,0.710037174721,0.486033519553,0.675795053004,0.304112554113,0.342756183746,0.796001817356,0.931818181818,0.641560798548,0.172897196262,0.924019607843,0.486772486772,0.579672695952,0.14328358209,0.84347826087,0.934513274336,0.0,0.838582677165,0.87938220152,0.395661157025,0.187116564417,0.438136826783,0.657142857143,0.724969843185,0.289781659389,0.696428571429,0.524064171123,0.0189873417722,0.0183486238532,0.753448275862,0.907711757269,0.619918699187,0.56385973893,0.630118890357,0.10599078341,0.697272727273,0.381839014609,0.513542033064,0.0132075471698,0.393939393939,0.865384615385,0.527519656898,0.286871961102,0.531568228106,0.655327663832,0.923763424595,0.502147239264,0.135469364812,0.921119592875,0.0634920634921,0.144204851752,0.685352622061,0.809475188891,0.178564038899,0.307692307692,0.0251046025105,0.14953271028,0.578475336323,0.470588235294,0.339285714286,0.568527918782,0.404797601199,0.667410714286,0.381294964029,0.424489795918,0.710458081245,0.586516853933,0.593103448276,0.142076502732,0.366756393001,0.683802932938,0.325894574836,0.785956964892,0.199335548173,0.700293829579,0.657746855767,0.730125523013,0.84,0.378640776699,0.548079974611,0.841228719467,0.0,0.0876288659794,0.430430068666,0.772435897436,0.587540983607,0.534908700322,0.637605903252,0.659967409017,0.494969818913,0.50728041334,0.623163051085,0.689486552567,0.153284671533,0.0405405405405,0.888257575758,0.750663129973,0.847482014388,0.485248447205,0.04,0.322033898305,0.366917293233,0.30987654321,0.0,0.226666666667
SP-Score,0.156667575675,0.555444630083,0.763612033961,0.780347547936,0.448828503529,0.466841223293,0.376211411362,0.317296243248,0.782637059363,0.643750415205,0.810931722321,0.674812800073,0.158634742741,0.969170646982,0.644124053521,0.446544004005,0.375379478308,0.474706923191,0.491883541295,0.761758950768,0.764789519466,0.419146732877,0.202882085625,0.653483621327,0.441035751337,0.885857431285,0.23616734143,0.646315470648,0.428662517853,0.751410807124,0.467763782881,0.512488236401,0.470745807226,0.582817452456,0.241519174041,0.825072533849,0.516801097798,0.218843317692,0.57512240307,0.584350331042,0.720421555427,0.541842535199,0.904766143654,0.953246671673,0.975698663426,0.397650724716,0.0497607655502,0.477712692178,0.146080152114,0.782931074495,0.690763322258,0.800775918546,0.823717705854,0.721933513983,0.873015873016,0.407652639175,0.471563421415,0.368219782282,0.315201219025,0.622775866008,0.701178199425,0.639294603601,0.375367189445,0.875640911386,0.965847665185,0.266552128548,0.327753494628,0.627090954648,0.574225252761,0.637285661805,0.2341094783,0.89444698491,0.564351477876,0.864480801632,0.85180330377,0.619225579272,0.398852820611,0.123945783133,0.329160041479,0.938863235739,0.522292089249,0.660051163129,0.488593514329,0.678121535645,0.452151375161,0.651550663033,0.329008418114,0.31054595414,0.801873661098,0.927323881906,0.634630650828,0.169781931464,0.891884376327,0.46454008954,0.548682501822,0.1396304596,0.841047487783,0.864249118371,0.0,0.762839725679,0.881005077138,0.373196878879,0.164986853637,0.420811040737,0.653063527894,0.719373282637,0.297991604888,0.658971257826,0.492079033918,0.0194274457205,0.0180238694487,0.741498762305,0.877204935238,0.583379340629,0.554645888282,0.628875234652,0.108283853244,0.672812187812,0.374933864013,0.459605137121,0.0137175947231,0.380931961121,0.840301003344,0.522465133427,0.278550484368,0.517714615983,0.646243598453,0.885390727554,0.491950606095,0.13767084027,0.789650705529,0.060626898172,0.13807036669,0.673777068165,0.762112278903,0.188386291383,0.293973542381,0.0224860760897,0.136542416916,0.573378637324,0.47598179673,0.324956208641,0.563914396345,0.397673631844,0.610045468049,0.403498887637,0.399295257671,0.67457635997,0.570918001434,0.592593032227,0.131503367645,0.360211421679,0.669912848069,0.327285665377,0.777679147635,0.180968587095,0.700637110868,0.643840111635,0.727848624292,0.800664652568,0.385793939987,0.519282816047,0.804826665345,0.0,0.080295119685,0.43350682319,0.767030589801,0.582802749868,0.511492246273,0.625615155729,0.663958415888,0.488661380045,0.485598969556,0.599862522629,0.674954049117,0.138045844538,0.0371875635034,0.852665373245,0.721297335158,0.837863144599,0.485625778812,0.0372413793103,0.329158542073,0.350926045381,0.304283769423,0.0,0.222307692308
TC,0.0138888888889,0.177570093458,0.461538461538,0.597701149425,0.139072847682,0.34496124031,0.180327868852,0.0,0.643382352941,0.126436781609,0.595348837209,0.453333333333,0.0,0.96875,0.406779661017,0.208,0.151639344262,0.048,0.0121212121212,0.319526627219,0.609489051095,0.202898550725,0.0535714285714,0.239285714286,0.115942028986,0.81308411215,0.0,0.302325581395,0.246268656716,0.25,0.235074626866,0.00769230769231,0.0909090909091,0.303571428571,0.120967741935,0.417721518987,0.186046511628,0.127659574468,0.261324041812,0.348837209302,0.260869565217,0.26213592233,0.785714285714,0.910828025478,0.944444444444,0.107569721116,0.0,0.18,0.05,0.466666666667,0.347826086957,0.543103448276,0.529411764706,0.519174041298,0.674242424242,0.155462184874,0.112359550562,0.212598425197,0.0,0.25,0.411320754717,0.35,0.0,0.809523809524,0.861842105263,0.0075,0.0139534883721,0.433628318584,0.120805369128,0.0,0.0,0.816568047337,0.160337552743,0.65625,0.654761904762,0.106951871658,0.159574468085,0.0,0.0,0.86,0.0627802690583,0.313253012048,0.277777777778,0.3515625,0.173611111111,0.305389221557,0.0545454545455,0.0620689655172,0.341463414634,0.858490566038,0.163179916318,0.0,0.720430107527,0.345588235294,0.296577946768,0.016,0.72,0.726872246696,0.0,0.777777777778,0.706150341686,0.169565217391,0.0909090909091,0.217391304348,0.311688311688,0.428571428571,0.0181818181818,0.433734939759,0.303797468354,0.0,0.0,0.316455696203,0.743055555556,0.271676300578,0.131455399061,0.38255033557,0.0,0.0697674418605,0.0132743362832,0.197505197505,0.0,0.142857142857,0.65306122449,0.08125,0.00680272108844,0.119565217391,0.17316017316,0.463157894737,0.0,0.0160427807487,0.689440993789,0.0,0.0649350649351,0.254716981132,0.246913580247,0.0,0.265306122449,0.0,0.0,0.336633663366,0.196850393701,0.136904761905,0.281914893617,0.109634551495,0.415730337079,0.112244897959,0.208791208791,0.394904458599,0.421383647799,0.170403587444,0.0123456790123,0.176991150442,0.120689655172,0.0495867768595,0.51690821256,0.133620689655,0.208510638298,0.191176470588,0.520833333333,0.740384615385,0.0909090909091,0.174556213018,0.308411214953,0.0,0.0,0.0402298850575,0.4375,0.218045112782,0.173020527859,0.40350877193,0.360169491525,0.282828282828,0.0255102040816,0.2,0.551724137931,0.0283018867925,0.0,0.660194174757,0.4875,0.608208955224,0.0,0.0,0.0546875,0.063829787234,0.0257142857143,0.0,0.160714285714
Modeler,0.155440414508,0.55908203125,0.753968253968,0.757201646091,0.453293636025,0.470046082949,0.37128072445,0.323353293413,0.78734858681,0.637997432606,0.798429319372,0.664050235479,0.138461538462,0.948979591837,0.64308681672,0.439646712463,0.304063860668,0.443206521739,0.489411764706,0.75457396759,0.756791720569,0.399109792285,0.230088495575,0.640063665302,0.415527610716,0.871382636656,0.2331002331,0.628865979381,0.434911242604,0.733108108108,0.461370262391,0.488612836439,0.463755065286,0.556259904913,0.233038348083,0.797872340426,0.47721822542,0.208178438662,0.563636363636,0.567401960784,0.704337202199,0.546290619252,0.906724511931,0.952482648158,0.975698663426,0.377618522602,0.0421052631579,0.465705128205,0.131782945736,0.775539568345,0.666225165563,0.784244144784,0.791257805531,0.705763397371,0.873015873016,0.424858757062,0.482384823848,0.373263888889,0.288022479803,0.615722441809,0.69701181376,0.636091724826,0.343042071197,0.863945578231,0.964783565664,0.236334405145,0.301351351351,0.644951140065,0.54078666925,0.605697151424,0.235237173282,0.867924528302,0.557468220339,0.855945730247,0.848518111965,0.550055411895,0.376744186047,0.122891566265,0.321818181818,0.934819897084,0.515172413793,0.6401179941,0.455128205128,0.646205896568,0.418269230769,0.627306273063,0.353904282116,0.278335724534,0.807745504841,0.922829581994,0.627700503107,0.166666666667,0.859749144812,0.442307692308,0.517692307692,0.13597733711,0.838616714697,0.793984962406,0.0,0.687096774194,0.882627952756,0.350732600733,0.142857142857,0.403485254692,0.648984198646,0.71377672209,0.306201550388,0.621513944223,0.460093896714,0.0198675496689,0.0176991150442,0.729549248748,0.846698113208,0.546839982071,0.545432037633,0.627631578947,0.110576923077,0.648351648352,0.368028713418,0.405668241178,0.0142276422764,0.367924528302,0.815217391304,0.517410609956,0.270229007634,0.503861003861,0.637159533074,0.847018030513,0.481753972925,0.139872315728,0.658181818182,0.057761732852,0.131935881628,0.662201514269,0.714749368915,0.198208543868,0.28025477707,0.0198675496689,0.123552123552,0.568281938326,0.481375358166,0.310626702997,0.559300873908,0.390549662488,0.552680221811,0.425702811245,0.374100719424,0.638694638695,0.555319148936,0.592082616179,0.120930232558,0.353666450357,0.656022763199,0.328676755918,0.769401330377,0.162601626016,0.700980392157,0.629933367504,0.725571725572,0.761329305136,0.392947103275,0.490485657484,0.768424611224,0.0,0.0729613733906,0.436583577713,0.761625282167,0.578064516129,0.488075792225,0.613624408206,0.66794942276,0.482352941176,0.463917525773,0.576561994173,0.660421545667,0.122807017544,0.0338345864662,0.817073170732,0.691931540342,0.828244274809,0.48600311042,0.0344827586207,0.336283185841,0.334934797529,0.298690995637,0.0,0.217948717949
Compression,0.920634920635,0.82722513089,0.86301369863,0.895161290323,0.943734015345,1.0035335689,0.886486486486,0.87610619469,1.01823708207,0.84649122807,0.936974789916,0.855855855856,0.795454545455,0.903614457831,0.981481481481,0.84126984127,0.73293768546,0.741154562384,0.915433403805,0.866171003717,0.948948948949,0.852390852391,1.18181818182,0.877142857143,0.75956284153,0.920863309353,0.9375,0.814814814815,1.01704545455,0.824074074074,0.893842887473,0.753138075314,0.915662650602,0.788888888889,0.928251121076,0.630769230769,0.727699530516,0.865771812081,0.907156673114,0.835294117647,0.704049844237,0.916184971098,0.989795918367,0.983914209115,1.0,0.830687830688,0.741176470588,0.830136986301,0.810426540284,0.887096774194,0.789090909091,0.848275862069,0.758865248227,0.841698841699,0.958333333333,0.984709480122,0.94696969697,0.909090909091,0.793209876543,0.891228070175,0.947530864198,0.984,0.721374045802,0.951957295374,0.994974874372,0.710606060606,0.688679245283,1.02150537634,0.669099756691,0.776223776224,0.864,0.85201793722,0.801916932907,0.948484848485,0.951086956522,0.52994011976,0.736842105263,0.912087912088,0.878205128205,0.980952380952,0.87537993921,0.704918032787,0.841463414634,0.666666666667,0.863453815261,0.775,1.07382550336,0.719298245614,1.04411764706,0.981818181818,0.867208672087,0.745454545455,0.821138211382,0.856502242152,0.790754257908,0.836653386454,0.973154362416,0.820945945946,0.63321799308,0.775757575758,0.976967370441,0.811594202899,0.785714285714,0.825,0.93023255814,0.975124378109,0.847457627119,0.798611111111,0.866666666667,0.973404255319,0.894736842105,0.869822485207,0.855614973262,0.830769230769,0.841225626741,0.923728813559,0.981132075472,0.834061135371,0.827956989247,0.667824074074,0.92380952381,0.860465116279,0.875,0.794466403162,0.932907348243,0.812903225806,0.858719646799,0.669117647059,0.780141843972,0.850187265918,0.673913043478,0.842639593909,0.870604781997,0.839694656489,0.677966101695,0.894736842105,0.827586206897,0.801393728223,0.807086614173,0.967479674797,0.983240223464,0.869565217391,0.940170940171,0.845637583893,0.697986577181,1.09523809524,0.842105263158,0.7625,0.905405405405,0.971786833856,0.794871794872,0.829694323144,0.743772241993,0.826530612245,0.928571428571,0.783645655877,0.969811320755,0.790748898678,0.980582524272,0.855172413793,0.962962962963,0.791845493562,0.680981595092,0.744505494505,0.782352941176,0.891986062718,0.934156378601,0.927272727273,0.765957446809,0.877112135177,0.909589041096,0.913043478261,0.739682539683,0.758620689655,0.922651933702,0.838345864662,0.792899408284,0.859375,0.873873873874,0.894308943089,0.849056603774,0.85,0.970954356846,0.690476190476,0.85520361991,0.791519434629,0.91875
Average Pairwise P-Distance,0.869500484864,0.830240634165,0.778929961678,0.632431818956,0.815565714707,0.818241190334,0.819956140351,0.864721494374,0.686902947154,0.763470643488,0.748275757806,0.791706587947,0.869749045281,0.648857526882,0.716047482211,0.853372513515,0.781737597462,0.792134176935,0.755606038075,0.748222392735,0.725282838924,0.8393968564,0.826513213981,0.75917552022,0.830959258849,0.675496334456,0.854173943848,0.785510949381,0.854275898394,0.800020015902,0.798441233315,0.795348288758,0.810371511644,0.758717665415,0.848936272622,0.727399954706,0.84117680765,0.865119761969,0.808509889006,0.769726231989,0.762812643359,0.817934048516,0.722416042023,0.621102044874,0.579843410852,0.797863831305,0.892845926763,0.838317775627,0.91598119859,0.733789594889,0.771097840703,0.720190850616,0.732426502772,0.810364159278,0.701416138338,0.856992819553,0.845617184273,0.829384423346,0.872637504629,0.830256266678,0.722565440429,0.838046287507,0.815710778137,0.646084378966,0.562589394874,0.850158970031,0.81292432681,0.737379640452,0.765045442658,0.70970707186,0.872972710439,0.694992576035,0.812831963394,0.624301992431,0.750756748905,0.840998400283,0.838483570419,0.891191658565,0.838723820722,0.616068871707,0.813677097742,0.856286473107,0.831027667984,0.76715550631,0.814361001318,0.800924685342,0.837019396336,0.781586928582,0.817788023026,0.565559160958,0.804869235778,0.864719437303,0.690983337249,0.852134512764,0.774338051894,0.893607893608,0.753260869565,0.719224425297,0.967276422764,0.759040755992,0.723837880142,0.821377516887,0.890007205541,0.784176558601,0.795503621599,0.754258899249,0.884605842884,0.749480144348,0.8129395218,0.916013243626,0.922297080024,0.801795415885,0.615466523602,0.814422013592,0.825768273158,0.824250130972,0.902171555016,0.782015544893,0.841541017971,0.781245719678,0.913054893785,0.807183041015,0.858561252669,0.818052168694,0.880344535105,0.756645321615,0.74696985449,0.773549674471,0.871988444892,0.886282856643,0.624311081639,0.893263639076,0.869448525196,0.833903705436,0.73233924771,0.892102073805,0.880590534086,0.900158730159,0.9298325109,0.746382113821,0.718155882689,0.854911180773,0.736454024274,0.800245106672,0.740567708033,0.856922602529,0.852240392954,0.845692567758,0.795230788902,0.72413100465,0.884270334182,0.840079217461,0.828496524325,0.842436907897,0.751315502523,0.852583504875,0.728952254808,0.837572243464,0.750037012096,0.853421368547,0.872143572144,0.767366493491,0.751939896246,0.888970300223,0.938006930994,0.798769006994,0.716564943831,0.787105769092,0.812432058982,0.768021707351,0.796293459073,0.851608540268,0.808176326615,0.784334533193,0.702223149984,0.895096801347,0.90182946104,0.723936433557,0.783952404347,0.731683966597,0.818228614145,0.921415262001,0.835107088955,0.82981936609,0.820529962658,0.921671671672,0.875042735043
Maximum Pairwise P-Distance,0.90625,0.916666666667,0.928571428571,0.704225352113,0.937888198758,0.956043956044,0.850877192982,0.916666666667,0.7265625,0.895833333333,0.804469273743,0.879310344828,0.936170212766,0.677419354839,0.802083333333,0.947368421053,0.827433628319,0.914285714286,0.885057471264,0.898550724638,0.76862745098,0.896739130435,0.891304347826,0.885,0.891472868217,0.77,0.928571428571,0.881355932203,0.892857142857,0.911111111111,0.873303167421,0.880597014925,0.888888888889,0.836363636364,0.908163265306,0.885245901639,0.939393939394,0.907894736842,0.879396984925,0.88,0.857142857143,0.853107344633,0.815789473684,0.713826366559,0.639705882353,0.869318181818,0.934426229508,0.935779816514,0.942028985507,0.833333333333,0.883928571429,0.811764705882,0.88679245283,0.864768683274,0.822033898305,0.917948717949,0.907894736842,0.89,0.95652173913,0.931506849315,0.832618025751,0.893617021277,0.954022988506,0.676092544987,0.637795275591,0.897297297297,0.972222222222,0.787610619469,0.904761904762,0.941176470588,0.941747572816,0.792207792208,0.904761904762,0.688461538462,0.833333333333,0.931818181818,0.904109589041,0.899253731343,0.921348314607,0.6875,0.918699186992,0.950819672131,0.847826086957,0.866666666667,0.9,0.871794871795,0.90625,0.857142857143,0.913461538462,0.60396039604,0.891304347826,0.975609756098,0.820512820513,0.860655737705,0.836257309942,0.918918918919,0.834782608696,0.781065088757,1.0,0.785714285714,0.794117647059,0.879194630872,0.928571428571,0.859154929577,0.903225806452,0.867469879518,0.961165048544,0.810810810811,0.888888888889,0.959183673469,0.957746478873,0.913793103448,0.65671641791,0.913793103448,0.937984496124,0.865546218487,0.96875,0.952941176471,0.8984375,0.848275862069,0.962264150943,0.851851851852,0.931818181818,0.938596491228,0.925531914894,0.90243902439,0.890052356021,0.888888888889,0.96,0.954954954955,0.6625,0.913580246914,0.881578947368,0.924050632911,0.840579710145,0.965909090909,0.918367346939,0.95,0.945205479452,0.821138211382,0.826086956522,0.916666666667,0.833333333333,0.876923076923,0.794871794872,0.934782608696,0.894117647059,0.922330097087,0.833333333333,0.887573964497,0.953125,0.918032786885,0.926315789474,0.923076923077,0.801169590643,0.880208333333,0.895287958115,0.892655367232,0.837837837838,0.9,0.952380952381,0.915789473684,0.926470588235,0.941176470588,0.942028985507,0.917355371901,0.845528455285,0.918367346939,0.884353741497,0.824242424242,0.850241545894,0.919540229885,0.913043478261,0.90990990991,0.805970149254,0.931818181818,0.958333333333,0.823529411765,0.864406779661,0.834101382488,0.918918918919,0.95652173913,0.921348314607,0.939393939394,0.92700729927,0.959459459459,0.92
Number of Sequences,3.0,8.0,7.0,3.0,6.0,3.0,3.0,4.0,3.0,9.0,5.0,5.0,3.0,3.0,3.0,5.0,3.0,7.0,6.0,11.0,4.0,4.0,3.0,7.0,5.0,3.0,5.0,6.0,3.0,8.0,4.0,8.0,5.0,5.0,3.0,11.0,6.0,3.0,4.0,5.0,8.0,5.0,4.0,4.0,4.0,5.0,3.0,7.0,3.0,5.0,8.0,6.0,7.0,5.0,5.0,6.0,6.0,4.0,8.0,6.0,4.0,5.0,5.0,3.0,5.0,4.0,6.0,3.0,11.0,6.0,5.0,4.0,8.0,5.0,4.0,10.0,6.0,3.0,4.0,4.0,7.0,10.0,3.0,7.0,3.0,7.0,5.0,4.0,7.0,3.0,7.0,5.0,5.0,3.0,4.0,3.0,3.0,3.0,3.0,3.0,5.0,4.0,3.0,5.0,6.0,5.0,11.0,4.0,3.0,3.0,3.0,8.0,4.0,5.0,8.0,4.0,3.0,7.0,8.0,6.0,5.0,4.0,4.0,9.0,4.0,4.0,7.0,15.0,10.0,6.0,3.0,3.0,3.0,7.0,11.0,11.0,3.0,3.0,3.0,3.0,3.0,3.0,4.0,5.0,4.0,3.0,3.0,5.0,3.0,4.0,4.0,5.0,11.0,6.0,5.0,3.0,6.0,7.0,4.0,3.0,4.0,6.0,9.0,3.0,3.0,7.0,6.0,6.0,6.0,5.0,5.0,4.0,7.0,7.0,3.0,3.0,3.0,4.0,4.0,7.0,6.0,3.0,4.0,7.0,6.0,3.0,3.0
Reference Length,126.0,191.0,73.0,124.0,391.0,283.0,555.0,113.0,329.0,228.0,238.0,111.0,176.0,83.0,162.0,189.0,1011.0,537.0,473.0,269.0,333.0,481.0,77.0,350.0,549.0,139.0,80.0,135.0,176.0,216.0,471.0,239.0,332.0,270.0,223.0,130.0,213.0,149.0,517.0,170.0,321.0,346.0,98.0,373.0,165.0,378.0,255.0,365.0,211.0,124.0,275.0,145.0,141.0,518.0,144.0,327.0,132.0,198.0,324.0,285.0,324.0,125.0,262.0,562.0,199.0,660.0,424.0,186.0,411.0,143.0,250.0,223.0,313.0,330.0,184.0,334.0,418.0,546.0,156.0,105.0,329.0,122.0,82.0,246.0,249.0,280.0,149.0,285.0,136.0,165.0,369.0,165.0,123.0,223.0,411.0,251.0,149.0,296.0,289.0,165.0,521.0,345.0,378.0,160.0,86.0,201.0,236.0,144.0,135.0,188.0,190.0,169.0,187.0,455.0,359.0,236.0,159.0,229.0,372.0,864.0,105.0,215.0,72.0,253.0,313.0,155.0,453.0,136.0,141.0,267.0,276.0,197.0,711.0,131.0,354.0,209.0,87.0,287.0,254.0,246.0,179.0,253.0,234.0,447.0,149.0,126.0,171.0,240.0,222.0,319.0,156.0,458.0,281.0,490.0,266.0,587.0,265.0,454.0,103.0,145.0,108.0,466.0,163.0,364.0,170.0,287.0,243.0,165.0,470.0,651.0,365.0,161.0,315.0,348.0,181.0,266.0,169.0,128.0,111.0,369.0,159.0,180.0,241.0,168.0,442.0,283.0,160.0
Estimated Length,116.0,158.0,63.0,111.0,369.0,284.0,492.0,99.0,335.0,193.0,223.0,95.0,140.0,75.0,159.0,159.0,741.0,398.0,433.0,233.0,316.0,410.0,91.0,307.0,417.0,128.0,75.0,110.0,179.0,178.0,421.0,180.0,304.0,213.0,207.0,82.0,155.0,129.0,469.0,142.0,226.0,317.0,97.0,367.0,165.0,314.0,189.0,303.0,171.0,110.0,217.0,123.0,107.0,436.0,138.0,322.0,125.0,180.0,257.0,254.0,307.0,123.0,189.0,535.0,198.0,469.0,292.0,190.0,275.0,111.0,216.0,190.0,251.0,313.0,175.0,177.0,308.0,498.0,137.0,103.0,288.0,86.0,69.0,164.0,215.0,217.0,160.0,205.0,142.0,162.0,320.0,123.0,101.0,191.0,325.0,210.0,145.0,243.0,183.0,128.0,509.0,280.0,297.0,132.0,80.0,196.0,200.0,115.0,117.0,183.0,170.0,147.0,160.0,378.0,302.0,218.0,156.0,191.0,308.0,577.0,97.0,185.0,63.0,201.0,292.0,126.0,389.0,91.0,110.0,227.0,186.0,166.0,619.0,110.0,240.0,187.0,72.0,230.0,205.0,238.0,176.0,220.0,220.0,378.0,104.0,138.0,144.0,183.0,201.0,310.0,124.0,380.0,209.0,405.0,247.0,460.0,257.0,359.0,101.0,124.0,104.0,369.0,111.0,271.0,133.0,256.0,227.0,153.0,360.0,571.0,332.0,147.0,233.0,264.0,167.0,223.0,134.0,110.0,97.0,330.0,135.0,153.0,234.0,116.0,378.0,224.0,147.0
Maximum Ungapped Length,98.0,113.0,59.0,102.0,272.0,273.0,456.0,77.0,292.0,150.0,209.0,84.0,120.0,75.0,131.0,130.0,595.0,264.0,359.0,182.0,302.0,336.0,65.0,265.0,317.0,121.0,56.0,95.0,147.0,160.0,321.0,128.0,265.0,197.0,180.0,76.0,133.0,116.0,427.0,131.0,172.0,253.0,91.0,343.0,153.0,238.0,142.0,252.0,132.0,93.0,181.0,115.0,86.0,393.0,133.0,253.0,104.0,156.0,213.0,224.0,282.0,117.0,180.0,532.0,182.0,427.0,212.0,184.0,199.0,101.0,163.0,183.0,183.0,300.0,172.0,160.0,253.0,394.0,119.0,101.0,221.0,76.0,60.0,149.0,190.0,169.0,120.0,166.0,125.0,138.0,277.0,104.0,99.0,182.0,289.0,176.0,133.0,233.0,147.0,128.0,460.0,245.0,205.0,113.0,73.0,176.0,141.0,109.0,95.0,148.0,136.0,127.0,153.0,309.0,238.0,176.0,126.0,140.0,219.0,453.0,79.0,147.0,63.0,154.0,288.0,110.0,299.0,88.0,97.0,181.0,185.0,144.0,510.0,101.0,181.0,117.0,71.0,179.0,179.0,214.0,152.0,208.0,185.0,299.0,101.0,110.0,131.0,158.0,185.0,245.0,97.0,291.0,165.0,288.0,213.0,376.0,226.0,275.0,97.0,123.0,93.0,305.0,96.0,218.0,121.0,180.0,203.0,124.0,333.0,517.0,296.0,116.0,169.0,216.0,158.0,193.0,116.0,105.0,83.0,283.0,125.0,141.0,168.0,98.0,374.0,149.0,103.0
Sequence Length Heterogeneity,0.178715397901,0.130621883753,0.150101631581,0.0783815494666,0.145015761254,0.379815525196,0.253779791238,0.0671023582939,0.0396431541769,0.0614809536563,0.030700162866,0.139784741136,0.272569753438,0.0945397122994,0.040104738718,0.0696045975493,0.0348577205539,0.137345778507,0.171785792435,0.0897634331777,0.0646546696234,0.144108905895,0.081479579763,0.0700855434273,0.153050445308,0.0570737464794,0.0844574388962,0.170583242574,0.0547089451831,0.0843249926923,0.106165325686,0.138631158016,0.0642309957111,0.178799047192,0.210839366246,0.0685365312445,0.213318125757,0.098464053765,0.276139799333,0.25068722634,0.137486969903,0.128043494509,0.0664233115381,0.0420219275829,0.0515463917526,0.0490847122914,0.0786795792469,0.232260909125,0.100283152997,0.106726437889,0.0878116960936,0.0796735386593,0.221843971357,0.0934091812075,0.0372222789049,0.0946806689126,0.131851172427,0.179381622995,0.351396888798,0.15311866287,0.0502029140337,0.0737350815074,0.155306149267,0.186414014031,0.129024971579,0.218070423906,0.0951041605425,0.376184270917,0.264088751632,0.0653646976475,0.154451553905,0.0429981338661,0.10951196999,0.0880443113735,0.0905529448955,0.136282437912,0.129297242123,0.0642631813541,0.0792646366289,0.0127101589819,0.181181812957,0.0915882428457,0.0288675134595,0.160233582721,0.130369415623,0.127474046649,0.0832993127835,0.117689572881,0.0741610461295,0.116206712371,0.222661233633,0.358675069872,0.0775939682077,0.128870866809,0.171036321881,0.0898198699016,0.0534351145038,0.00905072173681,0.131703438456,0.128935838546,0.0377361542636,0.132150831059,0.0150495096714,0.184673518378,0.109769255099,0.428491468143,0.0492156580126,0.114722347509,0.0669745974816,0.0861551621678,0.192704401159,0.280225023543,0.027884661422,0.130989647867,0.19404988313,0.0963200083115,0.217595520654,0.0582642022335,0.187866479508,0.282102484342,0.153013435169,0.166268090514,0.173973178009,0.072964947436,0.670996276148,0.104769378924,0.166003314902,0.0767511792884,0.0681020858156,0.171367963904,0.00624162453178,0.210151161796,0.228824522945,0.0647883543872,0.197822528435,0.0607518345819,0.176754424217,0.171682765289,0.333450646023,0.184834123223,0.0759732116593,0.268476793988,0.0839407825273,0.0753885399292,0.0516532236892,0.0458817051092,0.150189959117,0.0591224215117,0.0628434091782,0.0413504300185,0.110392623926,0.217322107717,0.117727083773,0.129467814283,0.0407684244397,0.170707870956,0.0310079789855,0.136097371602,0.104379412378,0.0568946947551,0.116741781023,0.109294230565,0.0509511721933,0.104887501937,0.191197417991,0.0751864405682,0.14983650177,0.0547187246928,0.231664036989,0.101233224678,0.184018011205,0.0831630914123,0.159819250317,0.147198679081,0.0439152211971,0.2619782057,0.0888260275974,0.0428505364555,0.0632420879784,0.0472141848749,0.159776111959,0.254136275261,0.194910447756,0.110623748198,0.464800409766,0.0154993360856,0.16376615511
Gappiness Percentage,0.320105820106,0.510471204188,0.348336594912,0.241935483871,0.387468030691,0.255594817432,0.348948948949,0.349557522124,0.147922998987,0.417153996101,0.156302521008,0.333333333333,0.467803030303,0.160642570281,0.22633744856,0.35873015873,0.431585888559,0.580207501995,0.388653981677,0.427847245691,0.16966966967,0.406964656965,0.225108225108,0.325714285714,0.525683060109,0.177458033573,0.3575,0.424691358025,0.210227272727,0.3125,0.378450106157,0.546548117155,0.250602409639,0.42962962963,0.337817638266,0.475524475524,0.50234741784,0.288590604027,0.396034816248,0.391764705882,0.545171339564,0.39710982659,0.147959183673,0.121983914209,0.119696969697,0.417989417989,0.471895424837,0.467318982387,0.436018957346,0.35,0.434545454545,0.28275862069,0.539007092199,0.343243243243,0.116666666667,0.318042813456,0.328282828283,0.352272727273,0.565972222222,0.363742690058,0.183641975309,0.1296,0.430534351145,0.208778173191,0.237185929648,0.426893939394,0.551886792453,0.274193548387,0.697412076974,0.33682983683,0.4424,0.209641255605,0.451677316294,0.18,0.115489130435,0.593113772455,0.477671451356,0.326617826618,0.301282051282,0.0547619047619,0.461137646548,0.45,0.280487804878,0.521486643438,0.330655957162,0.494897959184,0.281879194631,0.472807017544,0.170168067227,0.248484848485,0.45683313976,0.587878787879,0.250406504065,0.282511210762,0.368613138686,0.361221779548,0.140939597315,0.220720720721,0.542099192618,0.319191919192,0.163531669866,0.36884057971,0.464726631393,0.4125,0.222868217054,0.461691542289,0.468798151002,0.348958333333,0.338271604938,0.280141843972,0.40350877193,0.531804733728,0.209893048128,0.402637362637,0.490947075209,0.332627118644,0.345911949686,0.43917654398,0.533602150538,0.602237654321,0.380952380952,0.444186046512,0.284722222222,0.448397013614,0.482428115016,0.341935483871,0.481866918953,0.466666666667,0.409219858156,0.421972534332,0.332125603865,0.375634517766,0.420534458509,0.30534351145,0.640215716487,0.49238799478,0.298850574713,0.472706155633,0.47375328084,0.227642276423,0.216014897579,0.33465085639,0.291666666667,0.407606263982,0.359060402685,0.169312169312,0.33918128655,0.384166666667,0.213213213213,0.274294670846,0.434294871795,0.481659388646,0.516661274668,0.515306122449,0.247368421053,0.429869392391,0.169811320755,0.48741346759,0.143203883495,0.202298850575,0.256944444444,0.416309012876,0.445126107703,0.451465201465,0.401960784314,0.434544549527,0.291495198903,0.284848484848,0.439716312057,0.321658986175,0.37095890411,0.346273291925,0.543310657596,0.47947454844,0.156537753223,0.428571428571,0.368836291913,0.212890625,0.301801801802,0.299651567944,0.337526205451,0.377777777778,0.422199170124,0.502551020408,0.453996983409,0.478209658422,0.452083333333
Average Gap Length,4.48148148148,5.90909090909,4.81081081081,6.42857142857,5.41071428571,8.68,6.67816091954,4.51428571429,3.65,5.21951219512,4.32558139535,6.60714285714,10.2916666667,5.71428571429,4.78260869565,4.77464788732,16.5696202532,10.6390243902,6.85093167702,5.52838427948,3.22857142857,5.67391304348,5.2,4.01005025126,10.8496240602,4.625,4.33333333333,7.47826086957,3.0,4.32,5.89256198347,7.15753424658,3.49579831933,8.65671641791,5.25581395349,8.09523809524,9.04225352113,7.16666666667,10.5,5.74137931034,11.7647058824,8.48148148148,2.9,7.58333333333,3.7619047619,5.80882352941,11.6451612903,7.75324675325,9.85714285714,6.38235294118,5.9012345679,3.0,9.33333333333,7.22764227642,2.33333333333,4.58823529412,4.12698412698,7.75,9.28481012658,5.01612903226,3.21621621622,2.18918918919,8.05714285714,7.82222222222,8.13793103448,8.41044776119,9.17647058824,10.2,15.0861244019,5.55769230769,5.53,5.05405405405,4.875,3.62195121951,2.65625,7.33703703704,7.21686746988,5.19417475728,5.22222222222,1.76923076923,9.31578947368,4.25581395349,4.92857142857,9.25773195876,6.67567567568,6.73611111111,3.5593220339,10.568627451,2.74576271186,10.25,7.66233766234,21.0869565217,4.52941176471,6.3,8.30136986301,6.47619047619,3.0,9.33333333333,22.380952381,5.64285714286,3.76991150442,6.69736842105,10.54,8.46153846154,3.19444444444,8.92307692308,3.76780185759,6.7,7.61111111111,4.15789473684,5.22727272727,10.4202898551,3.34042553191,9.16,8.29411764706,6.03846153846,4.45945945946,8.28235294118,6.9649122807,13.1729957806,7.14285714286,5.38028169014,4.31578947368,5.70391061453,17.7647058824,8.48,8.63276836158,5.47126436782,4.27407407407,4.17283950617,8.08823529412,5.16279069767,7.4132231405,2.77227722772,12.9170984456,5.1221719457,5.57142857143,7.82692307692,14.44,4.66666666667,5.52380952381,7.05555555556,4.78947368421,6.60144927536,3.62711864407,3.55555555556,5.11764705882,6.58571428571,3.94444444444,5.07246376812,7.32432432432,11.9891304348,5.70357142857,6.73333333333,3.39175257732,5.96062992126,2.7,6.85398230088,3.47058823529,4.88888888889,3.08333333333,6.46666666667,5.77876106195,14.9393939394,5.125,5.16568047337,7.20338983051,4.47619047619,5.96153846154,5.13235294118,6.15454545455,6.55882352941,11.1962616822,6.5988700565,2.74193548387,7.4347826087,5.66666666667,2.94594594595,4.96296296296,4.37288135593,3.83333333333,4.85714285714,6.07462686567,6.71590909091,7.81818181818,10.15,10.85
Median Gap Length,2.0,3.0,1.0,4.0,2.0,2.0,2.0,2.0,1.5,3.0,3.0,4.0,2.0,6.0,4.0,3.0,7.0,4.0,2.0,2.0,2.0,3.0,2.5,3.0,3.0,3.5,2.0,7.5,2.0,1.0,2.0,2.5,2.0,3.0,2.0,4.0,2.0,6.0,2.0,2.0,7.0,2.0,2.0,1.0,2.0,3.0,4.0,2.0,8.0,3.0,2.0,2.0,4.0,3.0,2.0,2.0,2.0,4.0,2.0,2.0,2.0,1.0,1.0,2.0,3.0,2.0,3.0,2.0,5.0,3.0,2.0,2.0,2.0,2.0,1.0,2.0,2.0,2.0,2.0,1.0,2.0,2.0,2.5,4.0,2.0,2.0,2.0,4.0,1.0,2.0,3.0,23.0,2.0,3.0,3.0,2.0,2.0,1.0,4.0,3.0,2.0,3.0,4.0,6.0,3.0,1.0,2.0,3.0,2.0,1.5,2.0,2.0,2.0,3.0,3.0,2.0,2.0,2.0,2.0,3.0,2.0,2.0,2.0,3.0,1.0,2.0,4.0,2.0,2.0,2.5,2.0,2.0,3.0,2.0,3.0,3.0,2.0,3.0,4.0,2.0,3.0,3.0,2.0,3.0,3.0,2.0,2.0,3.0,2.0,3.0,3.0,4.0,2.0,3.0,3.0,3.0,2.0,2.0,3.0,3.5,1.0,2.0,2.0,12.0,3.0,2.0,3.0,3.0,2.0,2.0,2.0,6.0,4.0,2.0,2.0,3.0,2.0,2.0,3.0,2.0,1.0,3.0,2.0,4.0,2.0,4.5,4.0
