,TL079,SF263,SF185,SF175,SF032,SF117,SF108,TL272,SF038,SF077,SF270,SF061,TL332,SF174,SF296,SF252,SF135,SF144,SF129,SF188,SF227,SF098,TL567,SF055,SF058,SF273,TL239,SF168,SF123,SF066,SF244,SF133,SF064,SF173,SF221,SF172,SF150,TL028,SF190,SF121,SF102,SF099,SF081,SF222,SF268,SF303,TL788,SF285,TL639,SF261,SF271,SF120,SF192,SF151,SF257,SF183,SF001,SF217,SF266,SF142,SF255,SF180,SF145,SF110,SF137,SF210,SF097,SF253,SF087,SF047,SF294,SF224,SF065,SF103,SF207,SF161,SF292,SF274,SF170,SF025,SF215,SF318,TL306,SF013,SF237,SF134,SF019,SF275,SF208,SF154,SF279,TL436,SF300,TL587,SF075,TL526,SF295,SF241,TL008,SF281,SF203,SF091,TL553,SF026,SF238,SF264,SF153,SF313,TL548,TL443,TL258,SF256,SF018,SF139,SF009,SF197,TL142,SF057,SF299,SF163,TL568,SF202,SF184,SF260,SF187,SF199,SF307,SF039,SF008,SF156,SF181,TL413,SF248,SF213,SF131,SF119,TL704,TL366,TL657,SF068,SF015,SF096,SF051,SF027,SF251,SF088,TL346,SF212,SF071,SF178,TL379,SF043,SF093,SF092,SF191,SF160,SF304,SF311,SF223,TL722,TL473,SF229,SF118,TL327,TL026,SF291,SF141,SF243,SF283,SF316,SF245,SF028,SF086,SF049,SF194,TL347,TL001,SF239,SF072,SF269,SF022,TL046,SF165,SF082,SF200,TL400,TL167
1-SPFP,0.0,0.52622142537,0.601149425287,0.757085020243,0.3105296343,0.772058823529,0.124711316397,0.446555819477,0.807291666667,0.534012799242,0.911518324607,0.594840667678,0.0045045045045,0.948979591837,0.876033057851,0.426884650318,0.283411685695,0.277013752456,0.467776584318,0.751250329034,0.779738562092,0.292521508934,0.0,0.635747101291,0.212201591512,0.852664576803,0.106776180698,0.677,0.0872817955112,0.732357553581,0.428184281843,0.310011596444,0.529147982063,0.590625,0.806451612903,0.800983511715,0.242290748899,0.0,0.530429212044,0.550228310502,0.717910447761,0.563697857948,0.910869565217,0.963849016481,0.926918392205,0.325178389399,0.0,0.192966903073,0.0181818181818,0.796215429403,0.679164434922,0.7343412527,0.789473684211,0.68611021592,0.843023255814,0.441584158416,0.349411764706,0.519083969466,0.27298399749,0.591854051761,0.728076138681,0.68507751938,0.266719745223,0.883005977797,0.949152542373,0.214621409922,0.211221122112,0.723333333333,0.496183206107,0.594761171032,0.190276613579,0.854021847071,0.534326274145,0.852728731942,0.842391304348,0.593025412725,0.321175637394,0.0,0.272875816993,0.945017182131,0.396984924623,0.586491557223,0.046783625731,0.656835205993,0.852348993289,0.678917609047,0.257936507937,0.306788511749,0.817209094962,0.922829581994,0.673722833757,0.257206208426,0.862857142857,0.550228310502,0.480683506686,0.0,0.723756906077,0.767857142857,0.0,0.674193548387,0.877847794474,0.315744680851,0.0,0.347328244275,0.44776119403,0.770760233918,0.292767843013,0.600389863548,0.580952380952,0.0079575596817,0.017667844523,0.605610561056,0.840613931523,0.555746140652,0.43825335456,0.646844660194,0.0,0.607974733518,0.377317601734,0.405353200883,0.105442176871,0.435714285714,0.811594202899,0.393188854489,0.791164658635,0.463878326996,0.62203985932,0.824012242627,0.512427745665,0.20020800832,0.658181818182,0.0570469798658,0.0151668351871,0.579718309859,0.614170403587,0.18237783763,0.111888111888,0.00511508951407,0.0,0.602083333333,0.874396135266,0.381107491857,0.562937062937,0.333638025594,0.557195571956,0.541353383459,0.0,0.159016393443,0.574610244989,0.580322828593,0.0953346855984,0.170233947237,0.536642290338,0.32703777336,0.767886400874,0.0978260869565,0.741261025809,0.546550892426,0.859504132231,0.814371257485,0.168918918919,0.476506357103,0.68438538206,0.0,0.0609756097561,0.308851224105,0.760407440213,0.499093655589,0.413760896638,0.616449511401,0.613506493506,0.174137931034,0.46261682243,0.53962628866,0.611111111111,0.0,0.0,0.822299651568,0.75,0.758103241297,0.346070656092,0.0,0.196132596685,0.3339269813,0.337022900763,0.0,0.0
1-SPFN,0.0,0.56578313253,0.608139534884,0.816593886463,0.359357898577,0.477272727273,0.143426294821,0.541786743516,0.824468085106,0.588865656038,0.940064794816,0.635332252836,0.00662251655629,0.989361702128,0.341935483871,0.475708502024,0.449893390192,0.35009310987,0.517528223411,0.760154481289,0.787978863937,0.360816326531,0.0,0.688462449656,0.294659300184,0.90365448505,0.124401913876,0.736670293798,0.100574712644,0.764529331514,0.4734082397,0.364545454545,0.547309833024,0.65625,0.0791139240506,0.85042997543,0.307548928239,0.0,0.602620087336,0.625974025974,0.768125199617,0.603136308806,0.904967602592,0.969518716578,0.924665856622,0.389024390244,0.0,0.220087630603,0.0283018867925,0.802052785924,0.721274175199,0.754437869822,0.854247104247,0.750440606274,0.847953216374,0.463136033229,0.25625539258,0.574324324324,0.363256784969,0.626684636119,0.753164556962,0.71198388721,0.322115384615,0.903056768559,0.947058823529,0.276581426649,0.237162519852,0.667692307692,0.551926845199,0.639072847682,0.217641418984,0.906217070601,0.623066485753,0.864875864876,0.857300884956,0.739019879797,0.39281074058,0.0,0.317490494297,0.951557093426,0.447909284196,0.612220916569,0.0588235294118,0.745087626129,0.354748603352,0.742491166078,0.281385281385,0.41519434629,0.83280327124,0.931818181818,0.722020568663,0.271028037383,0.925245098039,0.637566137566,0.557278208441,0.0,0.759420289855,0.913274336283,0.0,0.822834645669,0.887962735965,0.38326446281,0.0,0.397379912664,0.48,0.794933655006,0.323144104803,0.6875,0.652406417112,0.00949367088608,0.0229357798165,0.63275862069,0.90012642225,0.658536585366,0.493217302278,0.704095112285,0.0,0.7,0.448868519049,0.51670770313,0.116981132075,0.492929292929,0.861538461538,0.423635930426,0.319286871961,0.496945010183,0.663581790895,0.895931024051,0.543865030675,0.216413715571,0.921119592875,0.0674603174603,0.0202156334232,0.620253164557,0.699203594037,0.196151458721,0.111888111888,0.00836820083682,0.0,0.64798206278,0.50700280112,0.348214285714,0.612944162437,0.364817591204,0.674107142857,0.258992805755,0.0,0.167675021608,0.579775280899,0.650862068966,0.128415300546,0.230148048452,0.568297907398,0.37976144671,0.796149490374,0.134551495017,0.740777015997,0.606368744983,0.870292887029,0.906666666667,0.182038834951,0.547127895906,0.762398223538,0.0,0.0773195876289,0.355619804843,0.786172161172,0.541639344262,0.475832438238,0.620661382892,0.641499185225,0.203219315895,0.511507750117,0.586074177747,0.61858190709,0.0,0.0,0.893939393939,0.827586206897,0.778828365879,0.372670807453,0.0,0.240677966102,0.281954887218,0.363374485597,0.0,0.0
SP-Score,0.0,0.54600227895,0.604644480086,0.786839453353,0.334943766439,0.624665775401,0.134068805609,0.494171281497,0.815879875887,0.56143922764,0.925791559712,0.615086460257,0.0055635105304,0.969170646982,0.608984270861,0.451296576171,0.366652537943,0.313553431163,0.492652403864,0.755702405162,0.783858713014,0.326668917733,0.0,0.662104775474,0.253430445848,0.878159530926,0.115589047287,0.706835146899,0.0939282540774,0.748443442548,0.450796260772,0.337278525495,0.538228907543,0.6234375,0.442782768477,0.825706743573,0.274919838569,0.0,0.56652464969,0.588101168238,0.743017823689,0.583417083377,0.907918583905,0.966683866529,0.925792124413,0.357101389821,0.0,0.206527266838,0.0232418524871,0.799134107663,0.700219305061,0.744389561261,0.821860394229,0.718275411097,0.845488236094,0.452360095823,0.302833578643,0.546704146895,0.318120391229,0.60926934394,0.740620347822,0.698530703295,0.294417564919,0.893031373178,0.948105682951,0.245601418285,0.224191820982,0.695512820513,0.524055025653,0.616917009357,0.203959016281,0.880119458836,0.578696379949,0.858802298409,0.849846094652,0.666022646261,0.356993188987,0.0,0.295183155645,0.948287137778,0.422447104409,0.599356236896,0.0528035775714,0.700961416061,0.60354879832,0.710704387562,0.269660894661,0.36099142902,0.825006183101,0.927323881906,0.69787170121,0.264117122904,0.894051120448,0.593897224034,0.518980857564,0.0,0.741588597966,0.84056573957,0.0,0.748514097028,0.882905265219,0.34950457183,0.0,0.372354078469,0.463880597015,0.782846944462,0.307955973908,0.643944931774,0.616679399032,0.00872561528389,0.0203018121697,0.619184590873,0.870370176887,0.607141363009,0.465735328419,0.67546988624,0.0,0.653987366759,0.413093060391,0.461030452007,0.111211654473,0.464321789322,0.836566332219,0.408412392458,0.555225765298,0.48041166859,0.642810825108,0.859971633339,0.52814638817,0.208310861945,0.789650705529,0.062253648663,0.0176912343051,0.599985737208,0.656686998812,0.189264648176,0.111888111888,0.00674164517544,0.0,0.625032698057,0.690699468193,0.364660888785,0.587940612687,0.349227808399,0.615651357406,0.400173094607,0.0,0.163345707525,0.577192762944,0.615592448779,0.111874993072,0.200190997845,0.552470098868,0.353399610035,0.782017945624,0.116188790987,0.741019020903,0.576459818705,0.86489850963,0.860518962076,0.175478876935,0.511817126505,0.723391802799,0.0,0.0691475986925,0.332235514474,0.773289800692,0.520366499926,0.444796667438,0.618555447146,0.627502839366,0.188678623465,0.487062286274,0.562850233203,0.614846509101,0.0,0.0,0.858119522754,0.788793103448,0.768465803588,0.359370731773,0.0,0.218405281393,0.307940934259,0.35019869318,0.0,0.0
TC,0.0,0.205607476635514,0.23076923076923078,0.6091954022988506,0.026490066225165563,0.4883720930232558,0.0,0.2463768115942029,0.7132352941176471,0.1206896551724138,0.7906976744186046,0.41333333333333333,0.0,0.96875,0.11016949152542373,0.224,0.1598360655737705,0.0,0.10303030303030303,0.3254437869822485,0.6021897810218978,0.08333333333333333,0.0,0.32857142857142857,0.0,0.8130841121495327,0.0,0.37209302325581395,0.07462686567164178,0.23780487804878048,0.22388059701492538,0.0,0.09090909090909091,0.3333333333333333,0.0,0.4430379746835443,0.0,0.0,0.3205574912891986,0.3023255813953488,0.391304347826087,0.2669902912621359,0.7976190476190477,0.9331210191082803,0.8611111111111112,0.1394422310756972,0.0,0.0,0.0,0.49333333333333335,0.3804347826086957,0.46551724137931033,0.5294117647058824,0.5162241887905604,0.6363636363636364,0.21008403361344538,0.056179775280898875,0.36220472440944884,0.007633587786259542,0.3055555555555556,0.4679245283018868,0.49166666666666664,0.005494505494505495,0.8345864661654135,0.8092105263157895,0.0075,0.0,0.5309734513274337,0.11409395973154363,0.04081632653061224,0.0,0.7928994082840237,0.16033755274261605,0.6388888888888888,0.6785714285714286,0.22459893048128343,0.07446808510638298,0.0,0.0,0.88,0.0,0.25301204819277107,0.0,0.4140625,0.20833333333333334,0.3772455089820359,0.0,0.05517241379310345,0.4959349593495935,0.8584905660377359,0.28451882845188287,0.0,0.7204301075268817,0.49264705882352944,0.3269961977186312,0.0,0.608,0.6784140969162996,0.0,0.7333333333333333,0.724373576309795,0.10434782608695652,0.0,0.1565217391304348,0.03896103896103896,0.5274725274725275,0.006060606060606061,0.42168674698795183,0.45569620253164556,0.0,0.0,0.2911392405063291,0.7222222222222222,0.30346820809248554,0.0,0.4161073825503356,0.0,0.06976744186046512,0.008849557522123894,0.2182952182952183,0.0,0.26666666666666666,0.673469387755102,0.0,0.3197278911564626,0.03260869565217391,0.2554112554112554,0.3894736842105263,0.09375,0.016042780748663103,0.6894409937888198,0.010869565217391304,0.0,0.22641509433962265,0.1419753086419753,0.0,0.0,0.0,0.0,0.47029702970297027,0.23622047244094488,0.19047619047619047,0.32978723404255317,0.10631229235880399,0.4044943820224719,0.030612244897959183,0.0,0.006369426751592357,0.4339622641509434,0.21524663677130046,0.0,0.0,0.0,0.0743801652892562,0.5265700483091788,0.06896551724137931,0.3404255319148936,0.15808823529411764,0.6770833333333334,0.8365384615384616,0.012987012987012988,0.14201183431952663,0.07476635514018691,0.0,0.0,0.0,0.4583333333333333,0.15789473684210525,0.10263929618768329,0.39473684210526316,0.3305084745762712,0.0,0.030612244897959183,0.1619047619047619,0.4482758620689655,0.0,0.0,0.6699029126213593,0.55,0.45149253731343286,0.0,0.0,0.0390625,0.0,0.037142857142857144,0.0,0.0
Modeler,0.0,0.5262214253697893,0.6011494252873564,0.757085020242915,0.3105296343001261,0.7720588235294118,0.12471131639722864,0.44655581947743467,0.8072916666666666,0.5340127992415264,0.9115183246073298,0.5948406676783005,0.0045045045045045045,0.9489795918367347,0.8760330578512396,0.4268846503178928,0.2834116856950974,0.2770137524557957,0.4677765843179377,0.7512503290339563,0.7797385620915033,0.2925215089344805,0.0,0.635747101290746,0.21220159151193635,0.8526645768025078,0.10677618069815195,0.677,0.08728179551122195,0.7323575535807632,0.4281842818428184,0.31001159644375725,0.5291479820627802,0.590625,0.8064516129032258,0.8009835117153601,0.2422907488986784,0.0,0.5304292120435619,0.5502283105022832,0.7179104477611941,0.5636978579481398,0.9108695652173913,0.9638490164805954,0.9269183922046285,0.3251783893985729,0.0,0.19296690307328604,0.01818181818181818,0.7962154294032023,0.6791644349223352,0.734341252699784,0.7894736842105263,0.6861102159200774,0.8430232558139535,0.4415841584158416,0.34941176470588237,0.5190839694656488,0.27298399748980234,0.5918540517607128,0.7280761386811693,0.685077519379845,0.26671974522292996,0.8830059777967549,0.9491525423728814,0.21462140992167103,0.21122112211221122,0.7233333333333334,0.4961832061068702,0.5947611710323575,0.19027661357921208,0.8540218470705064,0.5343262741447522,0.8527287319422151,0.842391304347826,0.5930254127249119,0.3211756373937677,0.0,0.272875816993464,0.9450171821305842,0.3969849246231156,0.5864915572232645,0.04678362573099415,0.6568352059925093,0.8523489932885906,0.6789176090468497,0.25793650793650796,0.30678851174934724,0.8172090949621044,0.9228295819935691,0.6737228337567034,0.2572062084257206,0.8628571428571429,0.5502283105022832,0.48068350668647847,0.0,0.7237569060773481,0.7678571428571429,0,0.6741935483870968,0.8778477944740669,0.31574468085106383,0.0,0.3473282442748092,0.44776119402985076,0.7707602339181286,0.29276784301313497,0.6003898635477583,0.580952380952381,0.007957559681697613,0.0176678445229682,0.6056105610561056,0.8406139315230224,0.5557461406518011,0.4382533545599272,0.6468446601941747,0.0,0.6079747335175681,0.3773176017336865,0.4053532008830022,0.1054421768707483,0.4357142857142857,0.8115942028985508,0.3931888544891641,0.7911646586345381,0.46387832699619774,0.6220398593200469,0.8240122426265999,0.5124277456647399,0.2002080083203328,0.6581818181818182,0.05704697986577181,0.015166835187057633,0.579718309859155,0.6141704035874439,0.18237783762985763,0.11188811188811189,0.005115089514066497,0,0.6020833333333333,0.8743961352657005,0.3811074918566775,0.5629370629370629,0.3336380255941499,0.5571955719557196,0.5413533834586466,0.0,0.15901639344262294,0.5746102449888641,0.5803228285933897,0.09533468559837728,0.17023394723743157,0.5366422903376381,0.32703777335984097,0.7678864008738394,0.09782608695652174,0.7412610258085593,0.5465508924264351,0.859504132231405,0.8143712574850299,0.16891891891891891,0.476506357103372,0.6843853820598007,0.0,0.06097560975609756,0.3088512241054614,0.7604074402125776,0.4990936555891239,0.41376089663760895,0.6164495114006515,0.6135064935064936,0.17413793103448275,0.46261682242990654,0.5396262886597938,0.6111111111111112,0.0,0.0,0.8222996515679443,0.75,0.7581032412965186,0.3460706560922855,0.0,0.19613259668508287,0.333926981300089,0.3370229007633588,0.0,0.0
Compression,0.9761904761904762,0.680628272251309,0.8493150684931506,0.8951612903225806,0.7442455242966752,1.2826855123674912,0.8432432432432433,0.6814159292035398,0.9878419452887538,0.7017543859649122,0.9369747899159664,0.7927927927927928,0.7556818181818182,0.9036144578313253,1.5740740740740742,0.7566137566137566,0.6943620178041543,0.5325884543761639,0.7928118393234672,0.9107806691449815,0.972972972972973,0.7151767151767152,1.5714285714285714,0.8057142857142857,0.6029143897996357,0.8848920863309353,0.7,0.7851851851851852,0.8409090909090909,0.8148148148148148,0.8195329087048833,0.5941422594142259,0.9036144578313253,0.7888888888888889,1.8475336322869955,0.6384615384615384,0.6338028169014085,1.4496644295302012,0.8355899419729207,0.7764705882352941,0.660436137071651,0.7861271676300579,1.0,0.9865951742627346,1.006060606060606,0.7328042328042328,0.6274509803921569,0.7013698630136986,0.6492890995260664,0.9032258064516129,0.7418181818181818,0.8827586206896552,0.7375886524822695,0.7934362934362934,0.9791666666666666,0.8134556574923547,1.371212121212121,0.8686868686868687,0.7037037037037037,0.8140350877192982,0.9197530864197531,0.944,0.7137404580152672,0.9644128113879004,1.0251256281407035,0.6712121212121213,0.7287735849056604,1.075268817204301,0.610705596107056,0.8531468531468531,0.768,0.852017937219731,0.6485623003194888,0.9606060606060606,0.9456521739130435,0.5419161676646707,0.631578947368421,0.7967032967032966,0.782051282051282,0.9904761904761905,0.7051671732522796,0.6639344262295082,0.7682926829268293,0.6422764227642277,1.4096385542168675,0.75,0.8053691275167785,0.656140350877193,0.9485294117647058,0.9818181818181818,0.8265582655826558,0.7757575757575758,0.8211382113821138,0.8161434977578476,0.7518248175182481,0.7768924302788844,0.9261744966442953,0.8108108108108109,1.3737024221453287,0.7757575757575758,0.9673704414587332,0.7217391304347827,0.5529100529100529,0.775,0.8488372093023255,0.9552238805970149,0.635593220338983,0.7638888888888888,0.9037037037037037,0.8191489361702128,0.7842105263157895,0.7988165680473372,0.8556149732620321,0.8021978021978022,0.6685236768802229,0.8601694915254238,0.9559748427672956,0.7030567685589519,0.6451612903225806,0.6747685185185185,0.7523809523809524,0.813953488372093,0.875,0.6561264822134387,1.2747603833865815,0.7935483870967742,0.7196467991169978,0.6691176470588235,0.7021276595744681,0.7340823970037453,0.6739130434782609,0.7766497461928934,0.7819971870604782,0.8091603053435115,0.6751412429378532,0.6507177033492823,1.0,0.662020905923345,1.578740157480315,0.9227642276422764,1.4022346368715084,1.023715415019763,0.8846153846153846,0.756152125279642,0.7046979865771812,1.5555555555555556,0.8245614035087719,0.8666666666666667,0.9504504504504504,0.8463949843260188,0.6217948717948718,0.6462882096069869,0.6334519572953736,0.6714285714285714,0.9097744360902256,0.7155025553662692,0.969811320754717,0.7180616740088106,0.9611650485436893,0.8482758620689655,0.8611111111111112,0.7296137339055794,0.656441717791411,0.6373626373626373,0.8294117647058824,0.627177700348432,0.9012345679012346,0.8242424242424242,0.7127659574468085,0.8709677419354839,0.8876712328767123,0.7515527950310559,0.7142857142857143,0.7327586206896551,0.9723756906077348,0.7330827067669173,0.7514792899408284,0.859375,0.8648648648648649,0.8807588075880759,0.7861635220125787,0.7833333333333333,0.7136929460580913,0.9404761904761905,0.8461538461538461,0.5265017667844523,0.6625
Average Pairwise P-Distance,0.869500484864,0.830240634165,0.778929961678,0.632431818956,0.815565714707,0.818241190334,0.819956140351,0.864721494374,0.686902947154,0.763470643488,0.748275757806,0.791706587947,0.869749045281,0.648857526882,0.716047482211,0.853372513515,0.781737597462,0.792134176935,0.755606038075,0.748222392735,0.725282838924,0.8393968564,0.826513213981,0.75917552022,0.830959258849,0.675496334456,0.854173943848,0.785510949381,0.854275898394,0.800020015902,0.798441233315,0.795348288758,0.810371511644,0.758717665415,0.848936272622,0.727399954706,0.84117680765,0.865119761969,0.808509889006,0.769726231989,0.762812643359,0.817934048516,0.722416042023,0.621102044874,0.579843410852,0.797863831305,0.892845926763,0.838317775627,0.91598119859,0.733789594889,0.771097840703,0.720190850616,0.732426502772,0.810364159278,0.701416138338,0.856992819553,0.845617184273,0.829384423346,0.872637504629,0.830256266678,0.722565440429,0.838046287507,0.815710778137,0.646084378966,0.562589394874,0.850158970031,0.81292432681,0.737379640452,0.765045442658,0.70970707186,0.872972710439,0.694992576035,0.812831963394,0.624301992431,0.750756748905,0.840998400283,0.838483570419,0.891191658565,0.838723820722,0.616068871707,0.813677097742,0.856286473107,0.831027667984,0.76715550631,0.814361001318,0.800924685342,0.837019396336,0.781586928582,0.817788023026,0.565559160958,0.804869235778,0.864719437303,0.690983337249,0.852134512764,0.774338051894,0.893607893608,0.753260869565,0.719224425297,0.967276422764,0.759040755992,0.723837880142,0.821377516887,0.890007205541,0.784176558601,0.795503621599,0.754258899249,0.884605842884,0.749480144348,0.8129395218,0.916013243626,0.922297080024,0.801795415885,0.615466523602,0.814422013592,0.825768273158,0.824250130972,0.902171555016,0.782015544893,0.841541017971,0.781245719678,0.913054893785,0.807183041015,0.858561252669,0.818052168694,0.880344535105,0.756645321615,0.74696985449,0.773549674471,0.871988444892,0.886282856643,0.624311081639,0.893263639076,0.869448525196,0.833903705436,0.73233924771,0.892102073805,0.880590534086,0.900158730159,0.9298325109,0.746382113821,0.718155882689,0.854911180773,0.736454024274,0.800245106672,0.740567708033,0.856922602529,0.852240392954,0.845692567758,0.795230788902,0.72413100465,0.884270334182,0.840079217461,0.828496524325,0.842436907897,0.751315502523,0.852583504875,0.728952254808,0.837572243464,0.750037012096,0.853421368547,0.872143572144,0.767366493491,0.751939896246,0.888970300223,0.938006930994,0.798769006994,0.716564943831,0.787105769092,0.812432058982,0.768021707351,0.796293459073,0.851608540268,0.808176326615,0.784334533193,0.702223149984,0.895096801347,0.90182946104,0.723936433557,0.783952404347,0.731683966597,0.818228614145,0.921415262001,0.835107088955,0.82981936609,0.820529962658,0.921671671672,0.875042735043
Maximum Pairwise P-Distance,0.90625,0.916666666667,0.928571428571,0.704225352113,0.937888198758,0.956043956044,0.850877192982,0.916666666667,0.7265625,0.895833333333,0.804469273743,0.879310344828,0.936170212766,0.677419354839,0.802083333333,0.947368421053,0.827433628319,0.914285714286,0.885057471264,0.898550724638,0.76862745098,0.896739130435,0.891304347826,0.885,0.891472868217,0.77,0.928571428571,0.881355932203,0.892857142857,0.911111111111,0.873303167421,0.880597014925,0.888888888889,0.836363636364,0.908163265306,0.885245901639,0.939393939394,0.907894736842,0.879396984925,0.88,0.857142857143,0.853107344633,0.815789473684,0.713826366559,0.639705882353,0.869318181818,0.934426229508,0.935779816514,0.942028985507,0.833333333333,0.883928571429,0.811764705882,0.88679245283,0.864768683274,0.822033898305,0.917948717949,0.907894736842,0.89,0.95652173913,0.931506849315,0.832618025751,0.893617021277,0.954022988506,0.676092544987,0.637795275591,0.897297297297,0.972222222222,0.787610619469,0.904761904762,0.941176470588,0.941747572816,0.792207792208,0.904761904762,0.688461538462,0.833333333333,0.931818181818,0.904109589041,0.899253731343,0.921348314607,0.6875,0.918699186992,0.950819672131,0.847826086957,0.866666666667,0.9,0.871794871795,0.90625,0.857142857143,0.913461538462,0.60396039604,0.891304347826,0.975609756098,0.820512820513,0.860655737705,0.836257309942,0.918918918919,0.834782608696,0.781065088757,1.0,0.785714285714,0.794117647059,0.879194630872,0.928571428571,0.859154929577,0.903225806452,0.867469879518,0.961165048544,0.810810810811,0.888888888889,0.959183673469,0.957746478873,0.913793103448,0.65671641791,0.913793103448,0.937984496124,0.865546218487,0.96875,0.952941176471,0.8984375,0.848275862069,0.962264150943,0.851851851852,0.931818181818,0.938596491228,0.925531914894,0.90243902439,0.890052356021,0.888888888889,0.96,0.954954954955,0.6625,0.913580246914,0.881578947368,0.924050632911,0.840579710145,0.965909090909,0.918367346939,0.95,0.945205479452,0.821138211382,0.826086956522,0.916666666667,0.833333333333,0.876923076923,0.794871794872,0.934782608696,0.894117647059,0.922330097087,0.833333333333,0.887573964497,0.953125,0.918032786885,0.926315789474,0.923076923077,0.801169590643,0.880208333333,0.895287958115,0.892655367232,0.837837837838,0.9,0.952380952381,0.915789473684,0.926470588235,0.941176470588,0.942028985507,0.917355371901,0.845528455285,0.918367346939,0.884353741497,0.824242424242,0.850241545894,0.919540229885,0.913043478261,0.90990990991,0.805970149254,0.931818181818,0.958333333333,0.823529411765,0.864406779661,0.834101382488,0.918918918919,0.95652173913,0.921348314607,0.939393939394,0.92700729927,0.959459459459,0.92
Number of Sequences,3,8,7,3,6,3,3,4,3,9,5,5,3,3,3,5,3,7,6,11,4,4,3,7,5,3,5,6,3,8,4,8,5,5,3,11,6,3,4,5,8,5,4,4,4,5,3,7,3,5,8,6,7,5,5,6,6,4,8,6,4,5,5,3,5,4,6,3,11,6,5,4,8,5,4,10,6,3,4,4,7,10,3,7,3,7,5,4,7,3,7,5,5,3,4,3,3,3,3,3,5,4,3,5,6,5,11,4,3,3,3,8,4,5,8,4,3,7,8,6,5,4,4,9,4,4,7,15,10,6,3,3,3,7,11,11,3,3,3,3,3,3,4,5,4,3,3,5,3,4,4,5,11,6,5,3,6,7,4,3,4,6,9,3,3,7,6,6,6,5,5,4,7,7,3,3,3,4,4,7,6,3,4,7,6,3,3
Reference Length,126,191,73,124,391,283,555,113,329,228,238,111,176,83,162,189,1011,537,473,269,333,481,77,350,549,139,80,135,176,216,471,239,332,270,223,130,213,149,517,170,321,346,98,373,165,378,255,365,211,124,275,145,141,518,144,327,132,198,324,285,324,125,262,562,199,660,424,186,411,143,250,223,313,330,184,334,418,546,156,105,329,122,82,246,249,280,149,285,136,165,369,165,123,223,411,251,149,296,289,165,521,345,378,160,86,201,236,144,135,188,190,169,187,455,359,236,159,229,372,864,105,215,72,253,313,155,453,136,141,267,276,197,711,131,354,209,87,287,254,246,179,253,234,447,149,126,171,240,222,319,156,458,281,490,266,587,265,454,103,145,108,466,163,364,170,287,243,165,470,651,365,161,315,348,181,266,169,128,111,369,159,180,241,168,442,283,160
Estimated Length,123,130,62,111,291,363,468,77,325,160,223,88,133,75,255,143,702,286,375,245,324,344,121,282,331,123,56,106,148,176,386,142,300,213,412,83,135,216,432,132,212,272,98,368,166,277,160,256,137,112,204,128,104,411,141,266,181,172,228,232,298,118,187,542,204,443,309,200,251,122,192,190,203,317,174,181,264,435,122,104,232,81,63,158,351,210,120,187,129,162,305,128,101,182,309,195,138,240,397,128,504,249,209,124,73,192,150,110,122,154,149,135,160,365,240,203,152,161,240,583,79,175,63,166,399,123,326,91,99,196,186,153,556,106,239,136,87,190,401,227,251,259,207,338,105,196,141,208,211,270,97,296,178,329,242,420,257,326,99,123,93,340,107,232,141,180,219,136,335,567,324,121,225,255,176,195,127,110,96,325,125,141,172,158,374,149,106
Maximum Ungapped Length,98,113,59,102,272,273,456,77,292,150,209,84,120,75,131,130,595,264,359,182,302,336,65,265,317,121,56,95,147,160,321,128,265,197,180,76,133,116,427,131,172,253,91,343,153,238,142,252,132,93,181,115,86,393,133,253,104,156,213,224,282,117,180,532,182,427,212,184,199,101,163,183,183,300,172,160,253,394,119,101,221,76,60,149,190,169,120,166,125,138,277,104,99,182,289,176,133,233,147,128,460,245,205,113,73,176,141,109,95,148,136,127,153,309,238,176,126,140,219,453,79,147,63,154,288,110,299,88,97,181,185,144,510,101,181,117,71,179,179,214,152,208,185,299,101,110,131,158,185,245,97,291,165,288,213,376,226,275,97,123,93,305,96,218,121,180,203,124,333,517,296,116,169,216,158,193,116,105,83,283,125,141,168,98,374,149,103
Sequence Length Heterogeneity,0.178715397901,0.130621883753,0.150101631581,0.0783815494666,0.145015761254,0.379815525196,0.253779791238,0.0671023582939,0.0396431541769,0.0614809536563,0.030700162866,0.139784741136,0.272569753438,0.0945397122994,0.040104738718,0.0696045975493,0.0348577205539,0.137345778507,0.171785792435,0.0897634331777,0.0646546696234,0.144108905895,0.081479579763,0.0700855434273,0.153050445308,0.0570737464794,0.0844574388962,0.170583242574,0.0547089451831,0.0843249926923,0.106165325686,0.138631158016,0.0642309957111,0.178799047192,0.210839366246,0.0685365312445,0.213318125757,0.098464053765,0.276139799333,0.25068722634,0.137486969903,0.128043494509,0.0664233115381,0.0420219275829,0.0515463917526,0.0490847122914,0.0786795792469,0.232260909125,0.100283152997,0.106726437889,0.0878116960936,0.0796735386593,0.221843971357,0.0934091812075,0.0372222789049,0.0946806689126,0.131851172427,0.179381622995,0.351396888798,0.15311866287,0.0502029140337,0.0737350815074,0.155306149267,0.186414014031,0.129024971579,0.218070423906,0.0951041605425,0.376184270917,0.264088751632,0.0653646976475,0.154451553905,0.0429981338661,0.10951196999,0.0880443113735,0.0905529448955,0.136282437912,0.129297242123,0.0642631813541,0.0792646366289,0.0127101589819,0.181181812957,0.0915882428457,0.0288675134595,0.160233582721,0.130369415623,0.127474046649,0.0832993127835,0.117689572881,0.0741610461295,0.116206712371,0.222661233633,0.358675069872,0.0775939682077,0.128870866809,0.171036321881,0.0898198699016,0.0534351145038,0.00905072173681,0.131703438456,0.128935838546,0.0377361542636,0.132150831059,0.0150495096714,0.184673518378,0.109769255099,0.428491468143,0.0492156580126,0.114722347509,0.0669745974816,0.0861551621678,0.192704401159,0.280225023543,0.027884661422,0.130989647867,0.19404988313,0.0963200083115,0.217595520654,0.0582642022335,0.187866479508,0.282102484342,0.153013435169,0.166268090514,0.173973178009,0.072964947436,0.670996276148,0.104769378924,0.166003314902,0.0767511792884,0.0681020858156,0.171367963904,0.00624162453178,0.210151161796,0.228824522945,0.0647883543872,0.197822528435,0.0607518345819,0.176754424217,0.171682765289,0.333450646023,0.184834123223,0.0759732116593,0.268476793988,0.0839407825273,0.0753885399292,0.0516532236892,0.0458817051092,0.150189959117,0.0591224215117,0.0628434091782,0.0413504300185,0.110392623926,0.217322107717,0.117727083773,0.129467814283,0.0407684244397,0.170707870956,0.0310079789855,0.136097371602,0.104379412378,0.0568946947551,0.116741781023,0.109294230565,0.0509511721933,0.104887501937,0.191197417991,0.0751864405682,0.14983650177,0.0547187246928,0.231664036989,0.101233224678,0.184018011205,0.0831630914123,0.159819250317,0.147198679081,0.0439152211971,0.2619782057,0.0888260275974,0.0428505364555,0.0632420879784,0.0472141848749,0.159776111959,0.254136275261,0.194910447756,0.110623748198,0.464800409766,0.0154993360856,0.16376615511
Gappiness Percentage,0.320105820106,0.510471204188,0.348336594912,0.241935483871,0.387468030691,0.255594817432,0.348948948949,0.349557522124,0.147922998987,0.417153996101,0.156302521008,0.333333333333,0.467803030303,0.160642570281,0.22633744856,0.35873015873,0.431585888559,0.580207501995,0.388653981677,0.427847245691,0.16966966967,0.406964656965,0.225108225108,0.325714285714,0.525683060109,0.177458033573,0.3575,0.424691358025,0.210227272727,0.3125,0.378450106157,0.546548117155,0.250602409639,0.42962962963,0.337817638266,0.475524475524,0.50234741784,0.288590604027,0.396034816248,0.391764705882,0.545171339564,0.39710982659,0.147959183673,0.121983914209,0.119696969697,0.417989417989,0.471895424837,0.467318982387,0.436018957346,0.35,0.434545454545,0.28275862069,0.539007092199,0.343243243243,0.116666666667,0.318042813456,0.328282828283,0.352272727273,0.565972222222,0.363742690058,0.183641975309,0.1296,0.430534351145,0.208778173191,0.237185929648,0.426893939394,0.551886792453,0.274193548387,0.697412076974,0.33682983683,0.4424,0.209641255605,0.451677316294,0.18,0.115489130435,0.593113772455,0.477671451356,0.326617826618,0.301282051282,0.0547619047619,0.461137646548,0.45,0.280487804878,0.521486643438,0.330655957162,0.494897959184,0.281879194631,0.472807017544,0.170168067227,0.248484848485,0.45683313976,0.587878787879,0.250406504065,0.282511210762,0.368613138686,0.361221779548,0.140939597315,0.220720720721,0.542099192618,0.319191919192,0.163531669866,0.36884057971,0.464726631393,0.4125,0.222868217054,0.461691542289,0.468798151002,0.348958333333,0.338271604938,0.280141843972,0.40350877193,0.531804733728,0.209893048128,0.402637362637,0.490947075209,0.332627118644,0.345911949686,0.43917654398,0.533602150538,0.602237654321,0.380952380952,0.444186046512,0.284722222222,0.448397013614,0.482428115016,0.341935483871,0.481866918953,0.466666666667,0.409219858156,0.421972534332,0.332125603865,0.375634517766,0.420534458509,0.30534351145,0.640215716487,0.49238799478,0.298850574713,0.472706155633,0.47375328084,0.227642276423,0.216014897579,0.33465085639,0.291666666667,0.407606263982,0.359060402685,0.169312169312,0.33918128655,0.384166666667,0.213213213213,0.274294670846,0.434294871795,0.481659388646,0.516661274668,0.515306122449,0.247368421053,0.429869392391,0.169811320755,0.48741346759,0.143203883495,0.202298850575,0.256944444444,0.416309012876,0.445126107703,0.451465201465,0.401960784314,0.434544549527,0.291495198903,0.284848484848,0.439716312057,0.321658986175,0.37095890411,0.346273291925,0.543310657596,0.47947454844,0.156537753223,0.428571428571,0.368836291913,0.212890625,0.301801801802,0.299651567944,0.337526205451,0.377777777778,0.422199170124,0.502551020408,0.453996983409,0.478209658422,0.452083333333
Average Gap Length,4.48148148148,5.90909090909,4.81081081081,6.42857142857,5.41071428571,8.68,6.67816091954,4.51428571429,3.65,5.21951219512,4.32558139535,6.60714285714,10.2916666667,5.71428571429,4.78260869565,4.77464788732,16.5696202532,10.6390243902,6.85093167702,5.52838427948,3.22857142857,5.67391304348,5.2,4.01005025126,10.8496240602,4.625,4.33333333333,7.47826086957,3.0,4.32,5.89256198347,7.15753424658,3.49579831933,8.65671641791,5.25581395349,8.09523809524,9.04225352113,7.16666666667,10.5,5.74137931034,11.7647058824,8.48148148148,2.9,7.58333333333,3.7619047619,5.80882352941,11.6451612903,7.75324675325,9.85714285714,6.38235294118,5.9012345679,3.0,9.33333333333,7.22764227642,2.33333333333,4.58823529412,4.12698412698,7.75,9.28481012658,5.01612903226,3.21621621622,2.18918918919,8.05714285714,7.82222222222,8.13793103448,8.41044776119,9.17647058824,10.2,15.0861244019,5.55769230769,5.53,5.05405405405,4.875,3.62195121951,2.65625,7.33703703704,7.21686746988,5.19417475728,5.22222222222,1.76923076923,9.31578947368,4.25581395349,4.92857142857,9.25773195876,6.67567567568,6.73611111111,3.5593220339,10.568627451,2.74576271186,10.25,7.66233766234,21.0869565217,4.52941176471,6.3,8.30136986301,6.47619047619,3.0,9.33333333333,22.380952381,5.64285714286,3.76991150442,6.69736842105,10.54,8.46153846154,3.19444444444,8.92307692308,3.76780185759,6.7,7.61111111111,4.15789473684,5.22727272727,10.4202898551,3.34042553191,9.16,8.29411764706,6.03846153846,4.45945945946,8.28235294118,6.9649122807,13.1729957806,7.14285714286,5.38028169014,4.31578947368,5.70391061453,17.7647058824,8.48,8.63276836158,5.47126436782,4.27407407407,4.17283950617,8.08823529412,5.16279069767,7.4132231405,2.77227722772,12.9170984456,5.1221719457,5.57142857143,7.82692307692,14.44,4.66666666667,5.52380952381,7.05555555556,4.78947368421,6.60144927536,3.62711864407,3.55555555556,5.11764705882,6.58571428571,3.94444444444,5.07246376812,7.32432432432,11.9891304348,5.70357142857,6.73333333333,3.39175257732,5.96062992126,2.7,6.85398230088,3.47058823529,4.88888888889,3.08333333333,6.46666666667,5.77876106195,14.9393939394,5.125,5.16568047337,7.20338983051,4.47619047619,5.96153846154,5.13235294118,6.15454545455,6.55882352941,11.1962616822,6.5988700565,2.74193548387,7.4347826087,5.66666666667,2.94594594595,4.96296296296,4.37288135593,3.83333333333,4.85714285714,6.07462686567,6.71590909091,7.81818181818,10.15,10.85
Median Gap Length,2.0,3.0,1.0,4.0,2.0,2.0,2.0,2.0,1.5,3.0,3.0,4.0,2.0,6.0,4.0,3.0,7.0,4.0,2.0,2.0,2.0,3.0,2.5,3.0,3.0,3.5,2.0,7.5,2.0,1.0,2.0,2.5,2.0,3.0,2.0,4.0,2.0,6.0,2.0,2.0,7.0,2.0,2.0,1.0,2.0,3.0,4.0,2.0,8.0,3.0,2.0,2.0,4.0,3.0,2.0,2.0,2.0,4.0,2.0,2.0,2.0,1.0,1.0,2.0,3.0,2.0,3.0,2.0,5.0,3.0,2.0,2.0,2.0,2.0,1.0,2.0,2.0,2.0,2.0,1.0,2.0,2.0,2.5,4.0,2.0,2.0,2.0,4.0,1.0,2.0,3.0,23.0,2.0,3.0,3.0,2.0,2.0,1.0,4.0,3.0,2.0,3.0,4.0,6.0,3.0,1.0,2.0,3.0,2.0,1.5,2.0,2.0,2.0,3.0,3.0,2.0,2.0,2.0,2.0,3.0,2.0,2.0,2.0,3.0,1.0,2.0,4.0,2.0,2.0,2.5,2.0,2.0,3.0,2.0,3.0,3.0,2.0,3.0,4.0,2.0,3.0,3.0,2.0,3.0,3.0,2.0,2.0,3.0,2.0,3.0,3.0,4.0,2.0,3.0,3.0,3.0,2.0,2.0,3.0,3.5,1.0,2.0,2.0,12.0,3.0,2.0,3.0,3.0,2.0,2.0,2.0,6.0,4.0,2.0,2.0,3.0,2.0,2.0,3.0,2.0,1.0,3.0,2.0,4.0,2.0,4.5,4.0
