,L,M,K,I,N,R,P,T,S,H,Q,Y,G,C,D,F,W,E,A,V
L,0.388888888889,0.555555555556,0.888888888889,0.592592592593,0.944444444444,0.759259259259,0.694444444444,0.916666666667,0.851851851852,0.722222222222,0.666666666667,0.833333333333,0.916666666667,0.833333333333,0.944444444444,0.5,0.777777777778,0.888888888889,0.916666666667,0.583333333333,
M,0.555555555556,0.0,0.5,0.333333333333,0.666666666667,0.777777777778,0.916666666667,0.583333333333,0.833333333333,1.0,0.833333333333,1.0,0.916666666667,1.0,1.0,0.666666666667,0.666666666667,0.833333333333,0.916666666667,0.583333333333,
K,0.888888888889,0.5,0.166666666667,0.611111111111,0.333333333333,0.777777777778,0.916666666667,0.583333333333,0.833333333333,0.666666666667,0.5,0.666666666667,0.916666666667,1.0,0.666666666667,1.0,0.833333333333,0.5,0.916666666667,0.916666666667,
I,0.592592592593,0.333333333333,0.611111111111,0.222222222222,0.555555555556,0.814814814815,0.916666666667,0.583333333333,0.796296296296,0.888888888889,0.944444444444,0.888888888889,0.916666666667,0.888888888889,0.888888888889,0.555555555556,1.0,0.944444444444,0.916666666667,0.583333333333,
N,0.944444444444,0.666666666667,0.333333333333,0.555555555556,0.166666666667,0.833333333333,0.916666666667,0.583333333333,0.777777777778,0.5,0.666666666667,0.5,0.916666666667,0.833333333333,0.5,0.833333333333,1.0,0.666666666667,0.916666666667,0.916666666667,
R,0.759259259259,0.777777777778,0.777777777778,0.814814814815,0.833333333333,0.388888888889,0.694444444444,0.805555555556,0.777777777778,0.722222222222,0.666666666667,0.944444444444,0.583333333333,0.611111111111,0.944444444444,0.944444444444,0.555555555556,0.888888888889,0.916666666667,0.916666666667,
P,0.694444444444,0.916666666667,0.916666666667,0.916666666667,0.916666666667,0.694444444444,0.25,0.583333333333,0.694444444444,0.583333333333,0.583333333333,0.916666666667,0.916666666667,0.916666666667,0.916666666667,0.916666666667,0.916666666667,0.916666666667,0.583333333333,0.916666666667,
T,0.916666666667,0.583333333333,0.583333333333,0.583333333333,0.583333333333,0.805555555556,0.583333333333,0.25,0.583333333333,0.916666666667,0.916666666667,0.916666666667,0.916666666667,0.916666666667,0.916666666667,0.916666666667,0.916666666667,0.916666666667,0.583333333333,0.916666666667,
S,0.851851851852,0.833333333333,0.833333333333,0.796296296296,0.777777777778,0.777777777778,0.694444444444,0.583333333333,0.537037037037,0.888888888889,0.944444444444,0.666666666667,0.805555555556,0.555555555556,0.888888888889,0.666666666667,0.611111111111,0.944444444444,0.694444444444,0.916666666667,
H,0.722222222222,1.0,0.666666666667,0.888888888889,0.5,0.722222222222,0.583333333333,0.916666666667,0.888888888889,0.166666666667,0.333333333333,0.5,0.916666666667,0.833333333333,0.5,0.833333333333,1.0,0.666666666667,0.916666666667,0.916666666667,
Q,0.666666666667,0.833333333333,0.5,0.944444444444,0.666666666667,0.666666666667,0.583333333333,0.916666666667,0.944444444444,0.333333333333,0.166666666667,0.666666666667,0.916666666667,1.0,0.666666666667,1.0,0.833333333333,0.5,0.916666666667,0.916666666667,
Y,0.833333333333,1.0,0.666666666667,0.888888888889,0.5,0.944444444444,0.916666666667,0.916666666667,0.666666666667,0.5,0.666666666667,0.166666666667,0.916666666667,0.5,0.5,0.5,0.666666666667,0.666666666667,0.916666666667,0.916666666667,
G,0.916666666667,0.916666666667,0.916666666667,0.916666666667,0.916666666667,0.583333333333,0.916666666667,0.916666666667,0.805555555556,0.916666666667,0.916666666667,0.916666666667,0.25,0.583333333333,0.583333333333,0.916666666667,0.583333333333,0.583333333333,0.583333333333,0.583333333333,
C,0.833333333333,1.0,1.0,0.888888888889,0.833333333333,0.611111111111,0.916666666667,0.916666666667,0.555555555556,0.833333333333,1.0,0.5,0.583333333333,0.166666666667,0.833333333333,0.5,0.333333333333,1.0,0.916666666667,0.916666666667,
D,0.944444444444,1.0,0.666666666667,0.888888888889,0.5,0.944444444444,0.916666666667,0.916666666667,0.888888888889,0.5,0.666666666667,0.5,0.583333333333,0.833333333333,0.166666666667,0.833333333333,1.0,0.333333333333,0.583333333333,0.583333333333,
F,0.5,0.666666666667,1.0,0.555555555556,0.833333333333,0.944444444444,0.916666666667,0.916666666667,0.666666666667,0.833333333333,1.0,0.5,0.916666666667,0.5,0.833333333333,0.166666666667,0.666666666667,1.0,0.916666666667,0.583333333333,
W,0.777777777778,0.666666666667,0.833333333333,1.0,1.0,0.555555555556,0.916666666667,0.916666666667,0.611111111111,1.0,0.833333333333,0.666666666667,0.583333333333,0.333333333333,1.0,0.666666666667,0.0,0.833333333333,0.916666666667,0.916666666667,
E,0.888888888889,0.833333333333,0.5,0.944444444444,0.666666666667,0.888888888889,0.916666666667,0.916666666667,0.944444444444,0.666666666667,0.5,0.666666666667,0.583333333333,1.0,0.333333333333,1.0,0.833333333333,0.166666666667,0.583333333333,0.583333333333,
A,0.916666666667,0.916666666667,0.916666666667,0.916666666667,0.916666666667,0.916666666667,0.583333333333,0.583333333333,0.694444444444,0.916666666667,0.916666666667,0.916666666667,0.583333333333,0.916666666667,0.583333333333,0.916666666667,0.916666666667,0.583333333333,0.25,0.583333333333,
V,0.583333333333,0.583333333333,0.916666666667,0.583333333333,0.916666666667,0.916666666667,0.916666666667,0.916666666667,0.916666666667,0.916666666667,0.916666666667,0.916666666667,0.583333333333,0.916666666667,0.583333333333,0.583333333333,0.916666666667,0.583333333333,0.583333333333,0.25,
