Statistics,TL079,SF263,SF185,SF169,SF054,SF175,SF032,SF117,SF108,TL272,SF038,SF077,SF270,SF061,TL332,SF174,SF296,SF252,SF319,SF135,SF144,SF024,SF129,SF188,SF227,SF098,SF109,SF045,TL567,SF302,SF055,SF058,SF273,TL239,SF168,SF123,SF066,SF244,SF133,SF272,SF064,SF173,SF221,SF172,SF254,SF150,TL028,SF190,SF121,SF102,SF099,SF074,SF081,SF222,SF268,SF303,TL788,SF285,TL639,SF261,SF271,SF120,SF031,SF192,SF151,SF257,SF183,SF001,SF217,SF106,SF266,SF142,SF306,SF255,SF116,SF180,SF145,SF052,SF110,SF164,SF130,SF137,SF210,SF097,SF253,SF003,SF087,SF047,SF294,SF224,SF011,SF065,SF103,SF207,SF205,SF056,SF007,SF161,SF292,SF225,SF274,SF041,SF170,SF198,SF025,SF215,SF318,TL306,SF013,SF237,SF134,SF019,SF275,SF208,SF053,SF154,SF279,TL436,SF219,SF300,SF315,TL587,SF075,TL526,SF295,SF241,SF067,SF113,TL008,SF281,SF203,SF091,SF320,SF070,TL553,SF012,SF226,SF026,SF238,SF264,SF176,SF153,SF313,TL548,SF209,TL443,TL258,SF256,SF018,SF139,SF009,SF197,SF290,TL142,SF057,SF299,SF163,TL568,SF202,SF148,SF184,SF017,SF171,SF140,SF063,SF220,SF260,SF240,SF187,SF199,SF307,SF124,SF104,SF039,SF008,SF156,SF181,TL413,SF021,SF248,SF213,SF131,SF119,TL704,TL366,SF034,TL657,SF060,SF068,SF015,SF096,SF051,SF004,SF027,SF251,SF088,TL346,SF212,SF216,SF071,SF178,SF138,TL379,SF112,SF149,SF043,SF005,SF250,SF093,SF042,SF092,SF128,SF159,SF191,SF160,SF304,SF311,SF223,SF146,TL722,TL473,SF229,SF118,TL327,SF046,TL026,SF291,SF141,SF243,SF283,SF316,SF079,SF245,SF028,SF086,SF049,SF194,SF085,TL347,TL001,SF239,SF072,SF269,SF111,SF022,TL046,SF165,SF100,SF204,SF082,SF200,TL400,SF158,SF076,TL167
1-SPFP,0.0,0.921276595745,0.695507487521,0.767148902667,0.860177273816,0.880208333333,0.810094097519,0.910377358491,0.0,0.0,0.873873873874,0.686415711948,0.92303030303,0.802752293578,0.0,0.958762886598,0.89247311828,0.904225352113,0.730820995962,0.694779116466,0.736547868623,0.45347467609,0.832144816237,0.844773519164,0.870786516854,0.935294117647,0.76558294376,0.921991566656,0.0,0.265341905319,0.789826378313,0.814516129032,0.897959183673,0.0,0.886115444618,0.0,0.829177057357,0.903716216216,0.660519125683,0.562507774599,0.628005657709,0.858044164038,0.88,0.826468602296,0.40825500613,0.847826086957,0.0,0.853658536585,0.907597535934,0.93063583815,0.98773006135,0.656026579191,0.913407821229,0.974330966685,0.965736040609,0.944134078212,0.0,0.539464156408,0.0,0.892857142857,0.830217474246,0.834394904459,0.493603094317,0.947239263804,0.791293734744,0.853982300885,0.876041666667,1.0,0.8671875,0.750041622732,0.539351851852,0.799420709631,0.0,0.829288702929,0.458629893238,0.91754756871,0.875675675676,0.780205655527,0.946992864424,0.818385650224,0.686237373737,0.980967486122,0.382532751092,0.763033175355,0.914473684211,0.70911360799,0.700851788756,0.919496855346,0.931818181818,0.923329682366,0.173076923077,0.796156744537,0.935724266418,0.902313624679,0.758147512864,0.584345479082,0.549132947977,0.658127208481,0.703255813953,0.566563467492,0.0,0.730424659614,0.858208955224,0.396800624268,0.954465849387,0.921875,0.816023738872,0.0,0.890646492435,0.970873786408,0.825962910128,0.968085106383,0.821052631579,0.91167192429,0.433551198257,0.992831541219,0.883463841548,0.933333333333,0.665263443781,0.874560375147,0.368348115299,1.0,0.879396984925,0.0,0.919732441472,0.780966767372,0.856839668146,0.777339901478,0.0,0.794642857143,0.904177545692,0.849137931034,0.804957146166,0.738749269433,0.0,0.917647058824,0.575047498417,0.564,0.986666666667,0.923250564334,0.316446664288,0.609375,0.924050632911,1.0,0.230537115269,0.0,0.0,0.809966216216,0.891165172855,0.874600638978,0.851423487544,0.758436944938,0.83751651255,0.0,0.931787175989,0.549813532232,0.918777292576,0.0,0.527777777778,0.670855978261,0.636363636364,0.204663212435,0.523837902265,0.79674796748,0.764761904762,0.803295225286,0.585347432024,0.780969252183,0.993150684932,0.835205992509,0.893784421715,0.866666666667,0.563523683046,0.79262810908,0.625789473684,0.993865030675,0.657559198543,0.0,0.511082138201,0.0,0.673858921162,0.800440407377,0.537288135593,0.0,0.0,0.762412993039,0.0,0.532247964934,0.946428571429,1.0,0.906666666667,0.907035175879,1.0,0.64138576779,0.603448275862,0.867469879518,0.0,0.83,0.848167539267,1.0,0.988835725678,0.885704048728,1.0,0.7465,0.791362871565,0.728538283063,0.873058910525,0.776745068285,0.790037648422,0.739486685143,0.470657276995,0.498049921997,0.699609882965,0.860828241684,1.0,0.823779193206,0.689128169503,0.90350877193,0.643659043659,0.91935483871,0.869565217391,0.833706606943,0.883997620464,0.0,0.587915601023,0.0,0.933973589436,0.917525773196,0.770871985158,0.923366834171,0.876588021779,0.0,0.782718120805,0.0,0.679676985195,0.723585912487,0.832684824903,0.877350132887,0.0,0.0,0.842105263158,0.775623268698,0.862602805999,0.607066052227,0.790804597701,0.0,0.908256880734,0.182761602767,0.151399733384,0.878504672897,0.713253012048,0.0,0.484848484848,0.299108349095,0.0
1-SPFN,0.0,0.41734939759,0.486046511628,0.645441748779,0.776724231171,0.737991266376,0.34549434513,0.438636363636,0.0,0.0,0.773936170213,0.548092002091,0.822354211663,0.567260940032,0.0,0.989361702128,0.267741935484,0.324898785425,0.284740429995,0.368869936034,0.32712600869,0.151495278069,0.450683303624,0.645758423225,0.716644649934,0.129795918367,0.693163599051,0.773627270872,0.0,0.118475991649,0.614309405354,0.248004910988,0.87707641196,0.0,0.618063112078,0.0,0.725784447476,0.40074906367,0.439545454545,0.468164406253,0.411873840445,0.236111111111,0.0696202531646,0.751842751843,0.191967717141,0.109040074557,0.0,0.280203784571,0.574025974026,0.565633982753,0.291314837153,0.436213646532,0.70626349892,0.954010695187,0.924665856622,0.206097560976,0.0,0.251095382541,0.0,0.769794721408,0.618885096701,0.581360946746,0.237815366972,0.745173745174,0.685583362707,0.806182121972,0.2911041883,0.0802415875755,0.1875,0.752840909091,0.0972860125261,0.495956873315,0.0,0.696905766526,0.340882790544,0.437059415911,0.311538461538,0.364721030043,0.81135371179,0.115033091711,0.378218510786,0.909558823529,0.294751009421,0.170460561143,0.427692307692,0.161547212742,0.447855432179,0.605132450331,0.07861936721,0.888303477345,0.0777016969336,0.573405698779,0.817663817664,0.776548672566,0.139962001267,0.390324519231,0.0677120456165,0.516643550624,0.327414465136,0.100082034454,0.0,0.694231971906,0.218631178707,0.309306569343,0.942906574394,0.271793054571,0.107716412064,0.0,0.687732342007,0.279329608939,0.51148409894,0.0984848484848,0.275618374558,0.787823716493,0.198355345128,0.899350649351,0.580157289776,0.261682242991,0.406623505976,0.914215686275,0.254159495123,0.142857142857,0.452196382429,0.0,0.797101449275,0.915044247788,0.643436685019,0.195587506197,0.0,0.700787401575,0.848982593773,0.203512396694,0.551499761943,0.66978715888,0.0,0.0681222707424,0.235233160622,0.205240174672,0.507428571429,0.493365500603,0.122496892694,0.0749344978166,0.488839285714,0.0641711229947,0.142060245444,0.0,0.0,0.551149425287,0.8798988622,0.556402439024,0.244944970566,0.564068692206,0.102655440415,0.0,0.620909090909,0.295617301633,0.370031656701,0.0,0.153535353535,0.414132941917,0.0269230769231,0.0978561219628,0.28706727629,0.0634509550016,0.496803464632,0.486558044807,0.184655706457,0.442691149046,0.235008103728,0.454175152749,0.568284142071,0.219195849546,0.337755372778,0.800181515656,0.36472392638,0.0910623946037,0.918575063613,0.0,0.166383701188,0.0,0.489451476793,0.593832958954,0.0655907303952,0.0,0.0,0.451808057198,0.0,0.322213798332,0.47533632287,0.341736694678,0.202380952381,0.458121827411,0.00758853288364,0.342328835582,0.625,0.258992805755,0.0,0.0717372515125,0.0477172312224,0.0808988764045,0.534482758621,0.659024260197,0.0546448087432,0.261883880021,0.737915577139,0.21130551817,0.788820221591,0.610647181628,0.449497446037,0.551690039554,0.154290111581,0.192638407,0.189037245257,0.718006795017,0.0598006644518,0.633365981064,0.530907144769,0.646443514644,0.349356804333,0.57,0.0970873786408,0.472548397334,0.549962990377,0.0,0.377463054187,0.0,0.28117094326,0.733516483516,0.544918032787,0.263157894737,0.528013118338,0.0,0.506789788159,0.0,0.47440112729,0.474457662701,0.523227383863,0.710878928059,0.0,0.0,0.878787878788,0.742705570292,0.732990750257,0.37537993921,0.267080745342,0.0,0.167796610169,0.0993107769424,0.110878661088,0.141353383459,0.243621399177,0.0,0.0134228187919,0.133711800942,0.0
SP-Score,0.0,0.669312996668,0.590776999574,0.706295325723,0.818450752494,0.809099799854,0.577794221324,0.674506861063,0.0,0.0,0.823905022043,0.617253857019,0.872692257347,0.685006616805,0.0,0.974062294363,0.580107526882,0.614562068769,0.507780712979,0.53182452625,0.531836938657,0.302484977079,0.641414059931,0.745265971195,0.793715583394,0.532545018007,0.729373271405,0.847809418764,0.0,0.191908948484,0.702067891833,0.53126052001,0.887517797817,0.0,0.752089278348,0.0,0.777480752416,0.652232639943,0.550032290114,0.515336090426,0.519939749077,0.547077637574,0.474810126582,0.789155677069,0.300111361635,0.478433080757,0.0,0.566931160578,0.74081175498,0.748134910452,0.639522449251,0.546120112862,0.809835660075,0.964170830936,0.945200948616,0.575115819594,0.0,0.395279769475,0.0,0.831325932132,0.724551285474,0.707877925602,0.365709230645,0.846206504489,0.738438548725,0.830082211428,0.583572927484,0.540120793788,0.52734375,0.751441265911,0.318318932189,0.647688791473,0.0,0.763097234727,0.399756341891,0.677303492311,0.593607068607,0.572463342785,0.879173288107,0.466709370968,0.532227942262,0.945263154826,0.338641880256,0.466746868249,0.671082995951,0.435330410366,0.574353610468,0.762314652839,0.505218774514,0.905816579855,0.125389310005,0.684781221658,0.876694042041,0.839431148623,0.449054757066,0.487334999157,0.308422496797,0.587385379552,0.515335139545,0.333322750973,0.0,0.71232831576,0.538420066966,0.353053596806,0.948686211891,0.596834027286,0.461870075468,0.0,0.789189417221,0.625101697673,0.668723504534,0.533284977434,0.548335503069,0.849747820391,0.315953271693,0.946091095285,0.731810565662,0.597507788162,0.535943474878,0.894388030711,0.311253805211,0.571428571429,0.665796683677,0.0,0.858416945373,0.84800550758,0.750138176582,0.486463703838,0.0,0.747715129359,0.876580069732,0.526325163864,0.678228454054,0.704268214157,0.0,0.492884664783,0.405140329519,0.384620087336,0.747047619048,0.708308032469,0.219471778491,0.342154748908,0.706444959313,0.532085561497,0.186298680356,0.0,0.0,0.680557820752,0.885532017528,0.715501539001,0.548184229055,0.661252818572,0.470085976482,0.0,0.776348133449,0.422715416933,0.644404474639,0.0,0.340656565657,0.542494460089,0.331643356643,0.151259667199,0.405452589277,0.430099461241,0.630782684697,0.644926635046,0.385001569241,0.611830200614,0.61407939433,0.644690572629,0.731034281893,0.542931258106,0.450639527912,0.796404812368,0.495256700032,0.542463712639,0.788067131078,0.0,0.338732919695,0.0,0.581655198978,0.697136683166,0.301439432994,0.0,0.0,0.607110525119,0.0,0.427230881633,0.710882447149,0.670868347339,0.554523809524,0.682578501645,0.503794266442,0.491857301686,0.614224137931,0.563231342637,0.0,0.450868625756,0.447942385245,0.540449438202,0.761659242149,0.772364154463,0.527322404372,0.504191940011,0.764639224352,0.469921900616,0.830939566058,0.693696124957,0.619767547229,0.645588362348,0.312473694288,0.345344164498,0.444323564111,0.78941751835,0.529900332226,0.728572587135,0.610017657136,0.774976143287,0.496507923996,0.744677419355,0.483326298016,0.653127502139,0.716980305421,0.0,0.482689327605,0.0,0.607572266348,0.825521128356,0.657895008972,0.593262364454,0.702300570058,0.0,0.644753954482,0.0,0.577039056242,0.599021787594,0.677956104383,0.794114530473,0.0,0.0,0.860446570973,0.759164419495,0.797796778128,0.491222995719,0.528942671521,0.0,0.538026745452,0.141036189855,0.131139197236,0.509929028178,0.478437205613,0.0,0.24913565182,0.216410075018,0.0
TC,0.0,0.14953271028,0.134615384615,0.27027027027,0.248427672956,0.620689655172,0.145695364238,0.43023255814,0.0,0.0,0.665441176471,0.126436781609,0.693023255814,0.4,0.0,0.96875,0.101694915254,0.184,0.0780346820809,0.219262295082,0.072,0.108527131783,0.0757575757576,0.224852071006,0.547445255474,0.0978260869565,0.00505050505051,0.368932038835,0.0,0.00534759358289,0.307142857143,0.0652173913043,0.794392523364,0.0,0.337209302326,0.0,0.207317073171,0.238805970149,0.0230769230769,0.094696969697,0.0530303030303,0.0833333333333,0.0,0.367088607595,0.0027027027027,0.0387596899225,0.0,0.0348432055749,0.480620155039,0.304347826087,0.194174757282,0.106907894737,0.52380952381,0.917197452229,0.875,0.103585657371,0.0,0.056,0.0,0.44,0.369565217391,0.327586206897,0.0853658536585,0.382352941176,0.495575221239,0.590909090909,0.168067226891,0.0,0.125984251969,0.248648648649,0.0801526717557,0.24537037037,0.0,0.433962264151,0.00224719101124,0.316666666667,0.0824175824176,0.134897360704,0.744360902256,0.0729166666667,0.170616113744,0.743421052632,0.0175,0.106976744186,0.336283185841,0.385074626866,0.0536912751678,0.112244897959,0.034965034965,0.792899408284,0.00943396226415,0.295358649789,0.625,0.553571428571,0.0121457489879,0.0606694560669,0.0,0.0534759358289,0.234042553191,0.0354330708661,0.0,0.172932330827,0.159292035398,0.0382775119617,0.88,0.0448430493274,0.0,0.0,0.3828125,0.159722222222,0.203592814371,0.00909090909091,0.275862068966,0.463414634146,0.0494296577947,0.839622641509,0.133891213389,0.0,0.048951048951,0.709677419355,0.00392156862745,0.132352941176,0.319391634981,0.0,0.688,0.691629955947,0.265306122449,0.208530805687,0.0,0.633333333333,0.669703872437,0.104347826087,0.214135021097,0.0838709677419,0.0,0.0198412698413,0.0,0.260869565217,0.233766233766,0.263736263736,0.0205761316872,0.0242424242424,0.301204819277,0.0,0.0208728652751,0.0,0.0,0.278481012658,0.708333333333,0.439306358382,0.0657276995305,0.342281879195,0.0986394557823,0.0,0.0697674418605,0.0221238938053,0.39501039501,0.0,0.00952380952381,0.117647058824,0.0,0.0770925110132,0.0624,0.0,0.104761904762,0.216145833333,0.075,0.031914893617,0.0952380952381,0.054347826087,0.199134199134,0.151041666667,0.0375,0.284210526316,0.0208333333333,0.181818181818,0.683229813665,0.0,0.0884146341463,0.0,0.188679245283,0.123456790123,0.0,0.0,0.0,0.137305699482,0.0,0.0434108527132,0.361386138614,0.0551181102362,0.160714285714,0.345744680851,0.0,0.189368770764,0.359550561798,0.030612244898,0.0,0.0191082802548,0.0,0.0188679245283,0.251121076233,0.24251497006,0.037037037037,0.075,0.115384615385,0.212389380531,0.363333333333,0.126530612245,0.0,0.07656612529,0.0,0.00858369098712,0.0633608815427,0.487922705314,0.051724137931,0.268085106383,0.113970588235,0.552083333333,0.110497237569,0.423076923077,0.012987012987,0.337278106509,0.0,0.0,0.106976744186,0.0,0.0402298850575,0.458333333333,0.18045112782,0.199413489736,0.328947368421,0.0,0.262711864407,0.0,0.0561224489796,0.166666666667,0.406896551724,0.315175097276,0.0,0.0,0.669902912621,0.5125,0.455223880597,0.154069767442,0.00806451612903,0.0,0.046875,0.0,0.0142857142857,0.0106382978723,0.105714285714,0.0,0.00529100529101,0.00749063670412,0.0
Modeler,0.0,0.921276595745,0.695507487521,0.767148902667,0.860177273816,0.880208333333,0.810094097519,0.910377358491,0.0,0.0,0.873873873874,0.686415711948,0.92303030303,0.802752293578,0.0,0.958762886598,0.89247311828,0.904225352113,0.730820995962,0.694779116466,0.736547868623,0.45347467609,0.832144816237,0.844773519164,0.870786516854,0.935294117647,0.76558294376,0.921991566656,0.0,0.265341905319,0.789826378313,0.814516129032,0.897959183673,0.0,0.886115444618,0.0,0.829177057357,0.903716216216,0.660519125683,0.562507774599,0.628005657709,0.858044164038,0.88,0.826468602296,0.40825500613,0.847826086957,0.0,0.853658536585,0.907597535934,0.93063583815,0.98773006135,0.656026579191,0.913407821229,0.974330966685,0.965736040609,0.944134078212,0.0,0.539464156408,0.0,0.892857142857,0.830217474246,0.834394904459,0.493603094317,0.947239263804,0.791293734744,0.853982300885,0.876041666667,1.0,0.8671875,0.750041622732,0.539351851852,0.799420709631,0.0,0.829288702929,0.458629893238,0.91754756871,0.875675675676,0.780205655527,0.946992864424,0.818385650224,0.686237373737,0.980967486122,0.382532751092,0.763033175355,0.914473684211,0.70911360799,0.700851788756,0.919496855346,0.931818181818,0.923329682366,0.173076923077,0.796156744537,0.935724266418,0.902313624679,0.758147512864,0.584345479082,0.549132947977,0.658127208481,0.703255813953,0.566563467492,0.0,0.730424659614,0.858208955224,0.396800624268,0.954465849387,0.921875,0.816023738872,0.0,0.890646492435,0.970873786408,0.825962910128,0.968085106383,0.821052631579,0.91167192429,0.433551198257,0.992831541219,0.883463841548,0.933333333333,0.665263443781,0.874560375147,0.368348115299,1.0,0.879396984925,0.0,0.919732441472,0.780966767372,0.856839668146,0.777339901478,0.0,0.794642857143,0.904177545692,0.849137931034,0.804957146166,0.738749269433,0.0,0.917647058824,0.575047498417,0.564,0.986666666667,0.923250564334,0.316446664288,0.609375,0.924050632911,1.0,0.230537115269,0.0,0.0,0.809966216216,0.891165172855,0.874600638978,0.851423487544,0.758436944938,0.83751651255,0.0,0.931787175989,0.549813532232,0.918777292576,0.0,0.527777777778,0.670855978261,0.636363636364,0.204663212435,0.523837902265,0.79674796748,0.764761904762,0.803295225286,0.585347432024,0.780969252183,0.993150684932,0.835205992509,0.893784421715,0.866666666667,0.563523683046,0.79262810908,0.625789473684,0.993865030675,0.657559198543,0.0,0.511082138201,0.0,0.673858921162,0.800440407377,0.537288135593,0.0,0.0,0.762412993039,0.0,0.532247964934,0.946428571429,1.0,0.906666666667,0.907035175879,1.0,0.64138576779,0.603448275862,0.867469879518,0.0,0.83,0.848167539267,1.0,0.988835725678,0.885704048728,1.0,0.7465,0.791362871565,0.728538283063,0.873058910525,0.776745068285,0.790037648422,0.739486685143,0.470657276995,0.498049921997,0.699609882965,0.860828241684,1.0,0.823779193206,0.689128169503,0.90350877193,0.643659043659,0.91935483871,0.869565217391,0.833706606943,0.883997620464,0.0,0.587915601023,0.0,0.933973589436,0.917525773196,0.770871985158,0.923366834171,0.876588021779,0.0,0.782718120805,0.0,0.679676985195,0.723585912487,0.832684824903,0.877350132887,0.0,0.0,0.842105263158,0.775623268698,0.862602805999,0.607066052227,0.790804597701,0.0,0.908256880734,0.182761602767,0.151399733384,0.878504672897,0.713253012048,0.0,0.484848484848,0.299108349095,0.0
Compression,2.0396825396825395,2.07853403141,1.83561643836,1.63362068966,1.62799263352,1.20161290323,1.65217391304,1.48409893993,1.95315315315,2.6017699115,1.18237082067,1.58333333333,1.16386554622,1.46846846847,1.59659090909,0.927710843373,1.74691358025,2.08994708995,1.32367758186,1.28189910979,1.71880819367,1.68689581096,1.81818181818,1.80669144981,1.35435435435,2.11226611227,1.41206030151,1.55737704918,2.19480519481,1.76253298153,1.52857142857,1.73406193078,1.0071942446,3.2125,1.54074074074,2.36931818182,1.40740740741,1.66666666667,1.60669456067,1.31215469613,1.71686746988,1.82592592593,1.87443946188,1.22307692308,1.91335227273,2.37558685446,2.13422818792,1.77176015474,1.45294117647,1.72897196262,2.36994219653,1.93808411215,1.48979591837,1.04557640751,1.10303030303,2.25396825397,1.58431372549,1.67397260274,1.69194312796,1.17741935484,1.47636363636,1.75862068966,2.29461756374,1.43262411348,1.23745173745,1.14583333333,2.31804281346,3.66666666667,2.26262626263,1.16724738676,2.4012345679,1.75087719298,1.92509727626,1.28086419753,1.28440366972,2.192,1.85877862595,1.79443585781,1.18861209964,2.68144044321,1.77329974811,1.18090452261,1.11666666667,1.89386792453,1.59139784946,1.90644490644,1.51581508516,1.69230769231,2.436,1.07174887892,1.4094488189,1.50798722045,1.34242424242,1.22282608696,1.9456681351,1.57112299465,2.01127819549,1.52395209581,1.55263157895,2.41395348837,2.02014652015,1.41584158416,2.01923076923,1.19213483146,1.0380952381,2.36474164134,4.13114754098,2.15853658537,1.36585365854,1.59437751004,1.775,2.95973154362,1.5298245614,1.44852941176,1.54894671623,1.10909090909,1.71544715447,1.57575757576,1.62251655629,0.918699186992,1.70796460177,1.99103139013,1.58637469586,1.91633466135,1.18120805369,0.831081081081,1.43108504399,1.99595687332,1.37370242215,1.10303030303,1.15547024952,1.91304347826,1.4955801105,1.32835820896,1.60582010582,1.78932178932,2.49826989619,1.88125,2.04651162791,1.4776119403,2.05606258149,3.96186440678,1.61805555556,1.8962962963,1.52696629213,2.15957446809,1.78947368421,1.62721893491,1.01069518717,1.47912087912,2.3008356546,1.42796610169,2.42026578073,1.96226415094,1.64628820961,1.84139784946,1.58333333333,3.09523809524,1.77209302326,1.5203125,2.70833333333,2.22265122265,1.3861003861,2.37671232877,1.44850498339,1.50372578241,2.71541501976,1.96975088968,1.60383386581,1.54193548387,1.6821192053,1.73467230444,1.38812154696,1.08823529412,1.79432624113,2.85767790262,0.677536231884,1.83248730964,1.69289340102,1.73839662447,1.84732824427,1.51412429379,3.53110047847,2.10344827586,1.5818815331,1.69929078014,1.57874015748,1.67032967033,1.49593495935,1.67039106145,1.69960474308,1.67948717949,2.46892655367,1.59731543624,0.959731543624,1.83333333333,1.98245614035,2.6625,2.1129707113,2.1981981982,1.60815047022,1.61721611722,2.13461538462,2.26807760141,1.33818181818,1.65065502183,1.45544554455,1.39671361502,2.3487544484,1.73415977961,2.07959183673,2.63043478261,1.67059814659,1.35338345865,1.66950596252,1.55471698113,1.35682819383,1.5145631068,1.66707021792,1.43448275862,2.5462962963,1.51072961373,1.90797546012,1.6456043956,1.10967250571,1.79411764706,2.45644599303,1.56790123457,1.6303030303,2.2,1.88479262673,2.13960546282,1.63287671233,2.6149068323,1.51111111111,1.5775862069,1.4861878453,1.56502242152,1.71428571429,1.89349112426,0.9375,1.07207207207,1.42818428184,1.72512647555,2.40251572327,1.86666666667,1.85892116183,1.56431924883,1.16187683284,2.60119047619,1.86199095023,1.56537102473,3.49584487535,2.33059548255,1.64375
Average Pairwise P-Distance,0.8695004848639999,0.830240634165,0.778929961678,0.804968510509,0.759799173129,0.632431818956,0.815565714707,0.818241190334,0.819956140351,0.864721494374,0.686902947154,0.763470643488,0.748275757806,0.791706587947,0.869749045281,0.648857526882,0.716047482211,0.853372513515,0.814322946983,0.781737597462,0.792134176935,0.841515202858,0.755606038075,0.748222392735,0.725282838924,0.8393968564,0.770291335261,0.726165796418,0.826513213981,0.855790518777,0.75917552022,0.830959258849,0.675496334456,0.854173943848,0.785510949381,0.854275898394,0.800020015902,0.798441233315,0.795348288758,0.806525359272,0.810371511644,0.758717665415,0.848936272622,0.727399954706,0.844318756589,0.84117680765,0.865119761969,0.808509889006,0.769726231989,0.762812643359,0.817934048516,0.804715416501,0.722416042023,0.621102044874,0.579843410852,0.797863831305,0.892845926763,0.838317775627,0.91598119859,0.733789594889,0.771097840703,0.720190850616,0.834135220076,0.732426502772,0.810364159278,0.701416138338,0.856992819553,0.845617184273,0.829384423346,0.7581930172,0.872637504629,0.830256266678,0.904053299954,0.722565440429,0.836264373102,0.838046287507,0.815710778137,0.822076643334,0.646084378966,0.883006846552,0.849007465321,0.562589394874,0.850158970031,0.81292432681,0.737379640452,0.858302720367,0.765045442658,0.70970707186,0.872972710439,0.694992576035,0.89173061366,0.812831963394,0.624301992431,0.750756748905,0.853911969806,0.820384217506,0.841388272493,0.840998400283,0.838483570419,0.844047399085,0.891191658565,0.788670189116,0.838723820722,0.870287694704,0.616068871707,0.813677097742,0.856286473107,0.831027667984,0.76715550631,0.814361001318,0.800924685342,0.837019396336,0.781586928582,0.817788023026,0.843500493055,0.565559160958,0.804869235778,0.864719437303,0.791986883895,0.690983337249,0.768054535769,0.852134512764,0.774338051894,0.893607893608,0.753260869565,0.719224425297,0.760214031901,0.856986842773,0.967276422764,0.759040755992,0.723837880142,0.821377516887,0.780619863241,0.744271065504,0.890007205541,0.833688798923,0.806974838343,0.784176558601,0.795503621599,0.754258899249,0.872960669904,0.884605842884,0.749480144348,0.8129395218,0.847394871068,0.916013243626,0.922297080024,0.801795415885,0.615466523602,0.814422013592,0.825768273158,0.824250130972,0.840732972395,0.902171555016,0.782015544893,0.841541017971,0.781245719678,0.913054893785,0.807183041015,0.838182402062,0.858561252669,0.833178561155,0.835072673481,0.849582701299,0.772615459476,0.779502111028,0.818052168694,0.764427983296,0.880344535105,0.756645321615,0.74696985449,0.881644769026,0.847652598253,0.773549674471,0.871988444892,0.886282856643,0.624311081639,0.893263639076,0.836157156674,0.869448525196,0.833903705436,0.73233924771,0.892102073805,0.880590534086,0.900158730159,0.74356370335,0.9298325109,0.817340815176,0.746382113821,0.718155882689,0.854911180773,0.736454024274,0.863944464689,0.800245106672,0.740567708033,0.856922602529,0.852240392954,0.845692567758,0.886645212138,0.795230788902,0.72413100465,0.720423334498,0.884270334182,0.803956517314,0.747899895915,0.840079217461,0.770470969964,0.784031848506,0.828496524325,0.783383294984,0.842436907897,0.854850882711,0.844538752305,0.751315502523,0.852583504875,0.728952254808,0.837572243464,0.750037012096,0.82164523058,0.853421368547,0.872143572144,0.767366493491,0.751939896246,0.888970300223,0.763719850898,0.938006930994,0.798769006994,0.716564943831,0.787105769092,0.812432058982,0.768021707351,0.894437225651,0.796293459073,0.851608540268,0.808176326615,0.784334533193,0.702223149984,0.729070242243,0.895096801347,0.90182946104,0.723936433557,0.783952404347,0.731683966597,0.847513331224,0.818228614145,0.921415262001,0.835107088955,0.871213888501,0.895910175457,0.82981936609,0.820529962658,0.921671671672,0.887802866891,0.871778568553,0.875042735043
Maximum Pairwise P-Distance,0.90625,0.916666666667,0.928571428571,0.904,0.887254901961,0.704225352113,0.937888198758,0.956043956044,0.850877192982,0.916666666667,0.7265625,0.895833333333,0.804469273743,0.879310344828,0.936170212766,0.677419354839,0.802083333333,0.947368421053,0.890909090909,0.827433628319,0.914285714286,0.948051948052,0.885057471264,0.898550724638,0.76862745098,0.896739130435,0.962962962963,0.823076923077,0.891304347826,0.91095890411,0.885,0.891472868217,0.77,0.928571428571,0.881355932203,0.892857142857,0.911111111111,0.873303167421,0.880597014925,0.943089430894,0.888888888889,0.836363636364,0.908163265306,0.885245901639,0.913875598086,0.939393939394,0.907894736842,0.879396984925,0.88,0.857142857143,0.853107344633,0.889221556886,0.815789473684,0.713826366559,0.639705882353,0.869318181818,0.934426229508,0.935779816514,0.942028985507,0.833333333333,0.883928571429,0.811764705882,0.945652173913,0.88679245283,0.864768683274,0.822033898305,0.917948717949,0.907894736842,0.89,0.88785046729,0.95652173913,0.931506849315,0.95145631068,0.832618025751,0.929936305732,0.893617021277,0.954022988506,0.927536231884,0.676092544987,0.952830188679,0.90625,0.637795275591,0.897297297297,0.972222222222,0.787610619469,0.949152542373,0.904761904762,0.941176470588,0.941747572816,0.792207792208,0.957345971564,0.904761904762,0.688461538462,0.833333333333,0.938461538462,0.91059602649,0.907216494845,0.931818181818,0.904109589041,0.945205479452,0.899253731343,0.911111111111,0.921348314607,0.943298969072,0.6875,0.918699186992,0.950819672131,0.847826086957,0.866666666667,0.9,0.871794871795,0.90625,0.857142857143,0.913461538462,0.916666666667,0.60396039604,0.891304347826,0.975609756098,0.897810218978,0.820512820513,0.861788617886,0.860655737705,0.836257309942,0.918918918919,0.834782608696,0.781065088757,0.868085106383,0.969325153374,1.0,0.785714285714,0.794117647059,0.879194630872,0.848,0.904109589041,0.928571428571,0.867403314917,0.912280701754,0.859154929577,0.903225806452,0.867469879518,0.931330472103,0.961165048544,0.810810810811,0.888888888889,0.914179104478,0.959183673469,0.957746478873,0.913793103448,0.65671641791,0.913793103448,0.937984496124,0.865546218487,0.960396039604,0.96875,0.952941176471,0.8984375,0.848275862069,0.962264150943,0.851851851852,0.928057553957,0.931818181818,0.8984375,0.922619047619,0.941860465116,0.877049180328,0.888111888112,0.938596491228,0.898734177215,0.925531914894,0.90243902439,0.890052356021,0.948979591837,0.938271604938,0.888888888889,0.96,0.954954954955,0.6625,0.913580246914,0.906103286385,0.881578947368,0.924050632911,0.840579710145,0.965909090909,0.918367346939,0.95,0.858237547893,0.945205479452,0.923076923077,0.821138211382,0.826086956522,0.916666666667,0.833333333333,0.917431192661,0.876923076923,0.794871794872,0.934782608696,0.894117647059,0.922330097087,0.929824561404,0.833333333333,0.887573964497,0.863070539419,0.953125,0.879032258065,0.902777777778,0.918032786885,0.884615384615,0.916030534351,0.926315789474,0.890476190476,0.923076923077,0.901960784314,0.905882352941,0.801169590643,0.880208333333,0.895287958115,0.892655367232,0.837837837838,0.918552036199,0.9,0.952380952381,0.915789473684,0.926470588235,0.941176470588,0.864406779661,0.942028985507,0.917355371901,0.845528455285,0.918367346939,0.884353741497,0.824242424242,0.924686192469,0.850241545894,0.919540229885,0.913043478261,0.90990990991,0.805970149254,0.83698296837,0.931818181818,0.958333333333,0.823529411765,0.864406779661,0.834101382488,0.901639344262,0.918918918919,0.95652173913,0.921348314607,0.913333333333,0.960264900662,0.939393939394,0.92700729927,0.959459459459,0.958904109589,0.945273631841,0.92
Number of Sequences,3.0,8.0,7.0,14.0,17.0,3.0,6.0,3.0,3.0,4.0,3.0,9.0,5.0,5.0,3.0,3.0,3.0,5.0,5.0,3.0,7.0,11.0,6.0,11.0,4.0,4.0,24.0,11.0,3.0,7.0,7.0,5.0,3.0,5.0,6.0,3.0,8.0,4.0,8.0,12.0,5.0,5.0,3.0,11.0,7.0,6.0,3.0,4.0,5.0,8.0,5.0,15.0,4.0,4.0,4.0,5.0,3.0,7.0,3.0,5.0,8.0,6.0,12.0,7.0,5.0,5.0,6.0,6.0,4.0,19.0,8.0,6.0,4.0,4.0,8.0,5.0,5.0,11.0,3.0,8.0,8.0,5.0,4.0,6.0,3.0,8.0,11.0,6.0,5.0,4.0,6.0,8.0,5.0,4.0,7.0,9.0,5.0,10.0,6.0,9.0,3.0,22.0,4.0,6.0,4.0,7.0,10.0,3.0,7.0,3.0,7.0,5.0,4.0,7.0,8.0,3.0,7.0,5.0,9.0,5.0,9.0,3.0,4.0,3.0,3.0,3.0,8.0,7.0,3.0,3.0,5.0,4.0,9.0,17.0,3.0,4.0,12.0,5.0,6.0,5.0,8.0,11.0,4.0,3.0,7.0,3.0,3.0,8.0,4.0,5.0,8.0,4.0,11.0,3.0,7.0,8.0,6.0,5.0,4.0,9.0,4.0,13.0,5.0,9.0,6.0,8.0,9.0,13.0,4.0,4.0,7.0,6.0,7.0,15.0,10.0,6.0,3.0,3.0,5.0,3.0,7.0,11.0,11.0,3.0,3.0,8.0,3.0,11.0,3.0,3.0,3.0,4.0,5.0,5.0,4.0,3.0,3.0,5.0,7.0,3.0,4.0,8.0,4.0,10.0,19.0,5.0,14.0,10.0,11.0,13.0,6.0,10.0,6.0,5.0,3.0,6.0,7.0,4.0,9.0,3.0,4.0,6.0,9.0,3.0,9.0,3.0,7.0,6.0,6.0,6.0,5.0,4.0,5.0,4.0,7.0,7.0,3.0,8.0,3.0,3.0,4.0,4.0,7.0,8.0,6.0,3.0,4.0,7.0,7.0,7.0,6.0,3.0,11.0,10.0,3.0
Reference Length,126.0,191.0,73.0,232.0,543.0,124.0,391.0,283.0,555.0,113.0,329.0,228.0,238.0,111.0,176.0,83.0,162.0,189.0,794.0,1011.0,537.0,1862.0,473.0,269.0,333.0,481.0,398.0,549.0,77.0,758.0,350.0,549.0,139.0,80.0,135.0,176.0,216.0,471.0,239.0,362.0,332.0,270.0,223.0,130.0,704.0,213.0,149.0,517.0,170.0,321.0,346.0,856.0,98.0,373.0,165.0,378.0,255.0,365.0,211.0,124.0,275.0,145.0,353.0,141.0,518.0,144.0,327.0,132.0,198.0,287.0,324.0,285.0,1028.0,324.0,1090.0,125.0,262.0,647.0,562.0,361.0,397.0,199.0,660.0,424.0,186.0,481.0,411.0,143.0,250.0,223.0,1143.0,313.0,330.0,184.0,681.0,935.0,532.0,334.0,418.0,430.0,546.0,202.0,156.0,890.0,105.0,329.0,122.0,82.0,246.0,249.0,280.0,149.0,285.0,136.0,807.0,165.0,369.0,165.0,1057.0,123.0,452.0,223.0,411.0,251.0,149.0,296.0,682.0,742.0,289.0,165.0,521.0,345.0,1810.0,335.0,378.0,693.0,289.0,160.0,86.0,201.0,767.0,236.0,144.0,135.0,890.0,188.0,190.0,169.0,187.0,455.0,359.0,236.0,602.0,159.0,229.0,372.0,864.0,105.0,215.0,640.0,72.0,777.0,1036.0,438.0,903.0,671.0,253.0,562.0,313.0,155.0,453.0,946.0,724.0,136.0,141.0,267.0,276.0,197.0,788.0,711.0,131.0,354.0,209.0,87.0,287.0,705.0,254.0,1183.0,246.0,179.0,253.0,234.0,354.0,447.0,149.0,126.0,171.0,240.0,956.0,222.0,319.0,546.0,156.0,567.0,275.0,458.0,404.0,426.0,281.0,726.0,490.0,414.0,1187.0,266.0,587.0,265.0,454.0,103.0,826.0,145.0,108.0,466.0,163.0,364.0,1313.0,170.0,287.0,243.0,165.0,470.0,651.0,659.0,365.0,161.0,315.0,348.0,181.0,669.0,266.0,169.0,128.0,111.0,369.0,593.0,159.0,180.0,241.0,1065.0,1705.0,168.0,442.0,283.0,361.0,487.0,160.0
Estimated Length,257.0,397.0,134.0,379.0,884.0,149.0,646.0,420.0,1084.0,294.0,389.0,361.0,277.0,163.0,281.0,77.0,283.0,395.0,1051.0,1296.0,923.0,3141.0,860.0,486.0,451.0,1016.0,562.0,855.0,169.0,1336.0,535.0,952.0,140.0,257.0,208.0,417.0,304.0,785.0,384.0,475.0,570.0,493.0,418.0,159.0,1347.0,506.0,318.0,916.0,247.0,555.0,820.0,1659.0,146.0,390.0,182.0,852.0,404.0,611.0,357.0,146.0,406.0,255.0,810.0,202.0,641.0,165.0,758.0,484.0,448.0,335.0,778.0,499.0,1979.0,415.0,1400.0,274.0,487.0,1161.0,668.0,968.0,704.0,235.0,737.0,803.0,296.0,917.0,623.0,242.0,609.0,239.0,1611.0,472.0,443.0,225.0,1325.0,1469.0,1070.0,509.0,649.0,1038.0,1103.0,286.0,315.0,1061.0,109.0,778.0,504.0,177.0,336.0,397.0,497.0,441.0,436.0,197.0,1250.0,183.0,633.0,260.0,1715.0,113.0,772.0,444.0,652.0,481.0,176.0,246.0,976.0,1481.0,397.0,182.0,602.0,660.0,2707.0,445.0,607.0,1240.0,722.0,301.0,176.0,297.0,1577.0,935.0,233.0,256.0,1359.0,406.0,340.0,275.0,189.0,673.0,826.0,337.0,1457.0,312.0,377.0,685.0,1368.0,325.0,381.0,973.0,195.0,1727.0,1436.0,1041.0,1308.0,1009.0,687.0,1107.0,502.0,239.0,762.0,1641.0,1005.0,148.0,253.0,763.0,187.0,361.0,1334.0,1236.0,242.0,536.0,738.0,183.0,454.0,1198.0,401.0,1976.0,368.0,299.0,430.0,393.0,874.0,714.0,143.0,231.0,339.0,639.0,2020.0,488.0,513.0,883.0,333.0,1286.0,368.0,756.0,588.0,595.0,660.0,1259.0,1019.0,1089.0,1983.0,360.0,980.0,412.0,616.0,156.0,1377.0,208.0,275.0,704.0,311.0,599.0,1457.0,305.0,705.0,381.0,269.0,1034.0,1227.0,1410.0,596.0,421.0,476.0,549.0,269.0,1047.0,456.0,320.0,120.0,119.0,527.0,1023.0,382.0,336.0,448.0,1666.0,1981.0,437.0,823.0,443.0,1262.0,1135.0,263.0
Maximum Ungapped Length,98.0,113.0,59.0,165.0,270.0,102.0,272.0,273.0,456.0,77.0,292.0,150.0,209.0,84.0,120.0,75.0,131.0,130.0,485.0,595.0,264.0,572.0,359.0,182.0,302.0,336.0,189.0,346.0,65.0,337.0,265.0,317.0,121.0,56.0,95.0,147.0,160.0,321.0,128.0,197.0,265.0,197.0,180.0,76.0,450.0,133.0,116.0,427.0,131.0,172.0,253.0,465.0,91.0,343.0,153.0,238.0,142.0,252.0,132.0,93.0,181.0,115.0,225.0,86.0,393.0,133.0,253.0,104.0,156.0,143.0,213.0,224.0,642.0,282.0,447.0,117.0,180.0,463.0,532.0,194.0,203.0,182.0,427.0,212.0,184.0,313.0,199.0,101.0,163.0,183.0,544.0,183.0,300.0,172.0,288.0,509.0,260.0,160.0,253.0,274.0,394.0,129.0,119.0,419.0,101.0,221.0,76.0,60.0,149.0,190.0,169.0,120.0,166.0,125.0,326.0,138.0,277.0,104.0,499.0,99.0,254.0,182.0,289.0,176.0,133.0,233.0,410.0,434.0,147.0,128.0,460.0,245.0,1046.0,131.0,205.0,388.0,160.0,113.0,73.0,176.0,448.0,141.0,109.0,95.0,439.0,148.0,136.0,127.0,153.0,309.0,238.0,176.0,216.0,126.0,140.0,219.0,453.0,79.0,147.0,243.0,63.0,378.0,598.0,187.0,738.0,368.0,154.0,335.0,288.0,110.0,299.0,522.0,343.0,88.0,97.0,181.0,185.0,144.0,390.0,510.0,101.0,181.0,117.0,71.0,179.0,435.0,179.0,539.0,214.0,152.0,208.0,185.0,209.0,299.0,101.0,110.0,131.0,158.0,357.0,185.0,245.0,358.0,97.0,292.0,123.0,291.0,250.0,239.0,165.0,393.0,288.0,226.0,432.0,213.0,376.0,226.0,275.0,97.0,399.0,123.0,93.0,305.0,96.0,218.0,754.0,121.0,180.0,203.0,124.0,333.0,517.0,440.0,296.0,116.0,169.0,216.0,158.0,516.0,193.0,116.0,105.0,83.0,283.0,288.0,125.0,141.0,168.0,471.0,786.0,98.0,374.0,149.0,170.0,268.0,103.0
Sequence Length Heterogeneity,0.178715397901,0.130621883753,0.150101631581,0.0415187400804,0.0615988962532,0.0783815494666,0.145015761254,0.379815525196,0.253779791238,0.0671023582939,0.0396431541769,0.0614809536563,0.030700162866,0.139784741136,0.272569753438,0.0945397122994,0.040104738718,0.0696045975493,0.403615716624,0.0348577205539,0.137345778507,0.167346209007,0.171785792435,0.0897634331777,0.0646546696234,0.144108905895,0.149805630562,0.0647194022608,0.081479579763,0.161593930047,0.0700855434273,0.153050445308,0.0570737464794,0.0844574388962,0.170583242574,0.0547089451831,0.0843249926923,0.106165325686,0.138631158016,0.0331890249792,0.0642309957111,0.178799047192,0.210839366246,0.0685365312445,0.160991738727,0.213318125757,0.098464053765,0.276139799333,0.25068722634,0.137486969903,0.128043494509,0.0800919957217,0.0664233115381,0.0420219275829,0.0515463917526,0.0490847122914,0.0786795792469,0.232260909125,0.100283152997,0.106726437889,0.0878116960936,0.0796735386593,0.291728665138,0.221843971357,0.0934091812075,0.0372222789049,0.0946806689126,0.131851172427,0.179381622995,0.0550615082535,0.351396888798,0.15311866287,0.23122280224,0.0502029140337,0.154119443117,0.0737350815074,0.155306149267,0.264175340347,0.186414014031,0.164055783536,0.162011169515,0.129024971579,0.218070423906,0.0951041605425,0.376184270917,0.349253783925,0.264088751632,0.0653646976475,0.154451553905,0.0429981338661,0.226328920547,0.10951196999,0.0880443113735,0.0905529448955,0.125211924724,0.183252633179,0.126030567142,0.136282437912,0.129297242123,0.597608567542,0.0642631813541,0.092408858232,0.0792646366289,0.093571420583,0.0127101589819,0.181181812957,0.0915882428457,0.0288675134595,0.160233582721,0.130369415623,0.127474046649,0.0832993127835,0.117689572881,0.0741610461295,0.197867318409,0.116206712371,0.222661233633,0.358675069872,0.0805929856791,0.0775939682077,0.204395287189,0.128870866809,0.171036321881,0.0898198699016,0.0534351145038,0.00905072173681,0.14896603911,0.335296400014,0.131703438456,0.128935838546,0.0377361542636,0.132150831059,0.220069572635,0.116927467257,0.0150495096714,0.142387714131,0.0982704985296,0.184673518378,0.109769255099,0.428491468143,0.175424654835,0.0492156580126,0.114722347509,0.0669745974816,0.0879136634678,0.0861551621678,0.192704401159,0.280225023543,0.027884661422,0.130989647867,0.19404988313,0.0963200083115,0.14646616203,0.217595520654,0.0582642022335,0.187866479508,0.282102484342,0.153013435169,0.166268090514,0.137413328177,0.173973178009,0.0740933784453,0.221023568357,0.244682860874,0.393717793552,0.143659711004,0.072964947436,0.175793727167,0.670996276148,0.104769378924,0.166003314902,0.245369240464,0.152791528208,0.0767511792884,0.0681020858156,0.171367963904,0.00624162453178,0.210151161796,0.0678201706267,0.228824522945,0.0647883543872,0.197822528435,0.0607518345819,0.176754424217,0.171682765289,0.160951624707,0.333450646023,0.217376238786,0.184834123223,0.0759732116593,0.268476793988,0.0839407825273,0.184275608804,0.0753885399292,0.0516532236892,0.0458817051092,0.150189959117,0.0591224215117,0.108258495669,0.0628434091782,0.0413504300185,0.100109357796,0.110392623926,0.222688029557,0.127257152624,0.217322107717,0.0749414708538,0.137035525767,0.117727083773,0.0942614802271,0.129467814283,0.124911589854,0.077443761699,0.0407684244397,0.170707870956,0.0310079789855,0.136097371602,0.104379412378,0.0757628826025,0.0568946947551,0.116741781023,0.109294230565,0.0509511721933,0.104887501937,0.606549882584,0.191197417991,0.0751864405682,0.14983650177,0.0547187246928,0.231664036989,0.101233224678,0.160240142019,0.184018011205,0.0831630914123,0.159819250317,0.147198679081,0.0439152211971,0.0451394393187,0.2619782057,0.0888260275974,0.0428505364555,0.0632420879784,0.0472141848749,0.0807568693269,0.159776111959,0.254136275261,0.194910447756,0.0528300414316,0.254982378661,0.110623748198,0.464800409766,0.0154993360856,0.20824959361,0.10426935679,0.16376615511
Gappiness Percentage,0.320105820106,0.510471204188,0.348336594912,0.360837438424,0.556277759723,0.241935483871,0.387468030691,0.255594817432,0.348948948949,0.349557522124,0.147922998987,0.417153996101,0.156302521008,0.333333333333,0.467803030303,0.160642570281,0.22633744856,0.35873015873,0.578085642317,0.431585888559,0.580207501995,0.743433258471,0.388653981677,0.427847245691,0.16966966967,0.406964656965,0.663421273032,0.426395098526,0.225108225108,0.609875612514,0.325714285714,0.525683060109,0.177458033573,0.3575,0.424691358025,0.210227272727,0.3125,0.378450106157,0.546548117155,0.48273480663,0.250602409639,0.42962962963,0.337817638266,0.475524475524,0.521103896104,0.50234741784,0.288590604027,0.396034816248,0.391764705882,0.545171339564,0.39710982659,0.517133956386,0.147959183673,0.121983914209,0.119696969697,0.417989417989,0.471895424837,0.467318982387,0.436018957346,0.35,0.434545454545,0.28275862069,0.588762983947,0.539007092199,0.343243243243,0.116666666667,0.318042813456,0.328282828283,0.352272727273,0.551622959839,0.565972222222,0.363742690058,0.518725680934,0.183641975309,0.662385321101,0.1296,0.430534351145,0.581424757623,0.208778173191,0.560249307479,0.613350125945,0.237185929648,0.426893939394,0.551886792453,0.274193548387,0.595374220374,0.697412076974,0.33682983683,0.4424,0.209641255605,0.641878098571,0.451677316294,0.18,0.115489130435,0.639605621984,0.595127748069,0.55977443609,0.593113772455,0.477671451356,0.626356589147,0.326617826618,0.49302430243,0.301282051282,0.59606741573,0.0547619047619,0.461137646548,0.45,0.280487804878,0.521486643438,0.330655957162,0.494897959184,0.281879194631,0.472807017544,0.170168067227,0.698420074349,0.248484848485,0.45683313976,0.587878787879,0.563965100389,0.250406504065,0.558505408063,0.282511210762,0.368613138686,0.361221779548,0.140939597315,0.220720720721,0.52254398827,0.581247593377,0.542099192618,0.319191919192,0.163531669866,0.36884057971,0.59926335175,0.676733977173,0.464726631393,0.529581529582,0.525663206459,0.4125,0.222868217054,0.461691542289,0.533246414602,0.468798151002,0.348958333333,0.338271604938,0.567415730337,0.280141843972,0.40350877193,0.531804733728,0.209893048128,0.402637362637,0.490947075209,0.332627118644,0.697674418605,0.345911949686,0.43917654398,0.533602150538,0.602237654321,0.380952380952,0.444186046512,0.668402777778,0.284722222222,0.575091575092,0.504826254826,0.691273465246,0.518087855297,0.589046199702,0.448397013614,0.594990418834,0.482428115016,0.341935483871,0.481866918953,0.616455250176,0.612667719021,0.466666666667,0.409219858156,0.421972534332,0.332125603865,0.375634517766,0.541878172589,0.420534458509,0.30534351145,0.640215716487,0.49238799478,0.298850574713,0.472706155633,0.525709219858,0.47375328084,0.625220932913,0.227642276423,0.216014897579,0.33465085639,0.291666666667,0.501129943503,0.407606263982,0.359060402685,0.169312169312,0.33918128655,0.384166666667,0.685744172146,0.213213213213,0.274294670846,0.423076923077,0.434294871795,0.66684303351,0.653588516746,0.481659388646,0.429632248939,0.548122065728,0.516661274668,0.527972027972,0.515306122449,0.546618357488,0.676354956473,0.247368421053,0.429869392391,0.169811320755,0.48741346759,0.143203883495,0.566316922249,0.202298850575,0.256944444444,0.416309012876,0.445126107703,0.451465201465,0.623000761615,0.401960784314,0.434544549527,0.291495198903,0.284848484848,0.439716312057,0.321658986175,0.452579666161,0.37095890411,0.346273291925,0.543310657596,0.47947454844,0.156537753223,0.26980568012,0.428571428571,0.368836291913,0.212890625,0.301801801802,0.299651567944,0.554806070826,0.337526205451,0.377777777778,0.422199170124,0.582293762575,0.642061164642,0.502551020408,0.453996983409,0.478209658422,0.64996222614,0.527310061602,0.452083333333
Average Gap Length,4.48148148148,5.90909090909,4.81081081081,4.56031128405,8.17675159236,6.42857142857,5.41071428571,8.68,6.67816091954,4.51428571429,3.65,5.21951219512,4.32558139535,6.60714285714,10.2916666667,5.71428571429,4.78260869565,4.77464788732,22.95,16.5696202532,10.6390243902,17.89306698,6.85093167702,5.52838427948,3.22857142857,5.67391304348,9.8400621118,6.92204301075,5.2,8.02977667494,4.01005025126,10.8496240602,4.625,4.33333333333,7.47826086957,3.0,4.32,5.89256198347,7.15753424658,5.28211586902,3.49579831933,8.65671641791,5.25581395349,8.09523809524,6.94054054054,9.04225352113,7.16666666667,10.5,5.74137931034,11.7647058824,8.48148148148,5.17133956386,2.9,7.58333333333,3.7619047619,5.80882352941,11.6451612903,7.75324675325,9.85714285714,6.38235294118,5.9012345679,3.0,6.87052341598,9.33333333333,7.22764227642,2.33333333333,4.58823529412,4.12698412698,7.75,6.24066390041,9.28481012658,5.01612903226,10.7727272727,3.21621621622,15.4438502674,2.18918918919,8.05714285714,9.31981981982,7.82222222222,8.89010989011,13.7183098592,8.13793103448,8.41044776119,9.17647058824,10.2,9.46694214876,15.0861244019,5.55769230769,5.53,5.05405405405,13.2590361446,4.875,3.62195121951,2.65625,10.9676258993,9.68665377176,11.4538461538,7.33703703704,7.21686746988,12.12,5.19417475728,4.47142857143,5.22222222222,10.4703947368,1.76923076923,9.31578947368,4.25581395349,4.92857142857,9.25773195876,6.67567567568,6.73611111111,3.5593220339,10.568627451,2.74576271186,13.7469512195,10.25,7.66233766234,21.0869565217,8.88245033113,4.52941176471,11.0829268293,6.3,8.30136986301,6.47619047619,3.0,9.33333333333,10.5985130112,9.8338762215,22.380952381,5.64285714286,3.76991150442,6.69736842105,12.6614785992,9.95865633075,10.54,12.2333333333,8.06637168142,8.46153846154,3.19444444444,8.92307692308,6.01470588235,3.76780185759,6.7,7.61111111111,8.18287037037,4.15789473684,5.22727272727,10.4202898551,3.34042553191,9.16,8.29411764706,6.03846153846,12.7624309392,4.45945945946,8.28235294118,6.9649122807,13.1729957806,7.14285714286,5.38028169014,13.2302405498,4.31578947368,7.71447543161,7.57971014493,13.6934673367,12.2043478261,16.8191489362,5.70391061453,9.81264108352,17.7647058824,8.48,8.63276836158,13.0074349442,13.5,5.47126436782,4.27407407407,4.17283950617,8.08823529412,5.16279069767,11.2962962963,7.4132231405,2.77227722772,12.9170984456,5.1221719457,5.57142857143,7.82692307692,7.76178010471,14.44,10.4307692308,4.66666666667,5.52380952381,7.05555555556,4.78947368421,6.7196969697,6.60144927536,3.62711864407,3.55555555556,5.11764705882,6.58571428571,15.2966666667,3.94444444444,5.07246376812,6.89552238806,7.32432432432,10.8338108883,8.26876513317,11.9891304348,6.6393442623,8.10763888889,5.70357142857,7.15948275862,6.73333333333,6.30362116992,17.0815602837,3.39175257732,5.96062992126,2.7,6.85398230088,3.47058823529,10.1690821256,4.88888888889,3.08333333333,6.46666666667,5.77876106195,14.9393939394,16.5067264574,5.125,5.16568047337,7.20338983051,4.47619047619,5.96153846154,5.13235294118,6.48369565217,6.15454545455,6.55882352941,11.1962616822,6.5988700565,2.74193548387,4.87837837838,7.4347826087,5.66666666667,2.94594594595,4.96296296296,4.37288135593,8.65789473684,3.83333333333,4.85714285714,6.07462686567,8.91375770021,13.2120689655,6.71590909091,7.81818181818,10.15,8.43464052288,6.40399002494,10.85
Median Gap Length,2.0,3.0,1.0,3.0,3.0,4.0,2.0,2.0,2.0,2.0,1.5,3.0,3.0,4.0,2.0,6.0,4.0,3.0,3.5,7.0,4.0,5.0,2.0,2.0,2.0,3.0,3.0,2.0,2.5,3.0,3.0,3.0,3.5,2.0,7.5,2.0,1.0,2.0,2.5,2.0,2.0,3.0,2.0,4.0,2.0,2.0,6.0,2.0,2.0,7.0,2.0,2.0,2.0,1.0,2.0,3.0,4.0,2.0,8.0,3.0,2.0,2.0,3.0,4.0,3.0,2.0,2.0,2.0,4.0,3.0,2.0,2.0,4.0,2.0,3.0,1.0,1.0,3.0,2.0,5.0,4.0,3.0,2.0,3.0,2.0,3.0,5.0,3.0,2.0,2.0,4.0,2.0,2.0,1.0,2.0,3.0,4.0,2.0,2.0,3.0,2.0,2.0,2.0,3.0,1.0,2.0,2.0,2.5,4.0,2.0,2.0,2.0,4.0,1.0,4.0,2.0,3.0,23.0,3.0,2.0,2.0,3.0,3.0,2.0,2.0,1.0,3.0,4.0,4.0,3.0,2.0,3.0,5.0,3.0,4.0,4.0,4.0,6.0,3.0,1.0,2.0,2.0,3.0,2.0,3.0,1.5,2.0,2.0,2.0,3.0,3.0,2.0,3.0,2.0,2.0,2.0,3.0,2.0,2.0,4.0,2.0,4.0,2.0,5.0,3.0,4.0,3.0,2.0,1.0,2.0,4.0,3.0,3.0,2.0,2.0,2.5,2.0,2.0,3.0,3.0,2.0,3.0,3.0,2.0,3.0,3.0,4.0,2.0,2.0,3.0,3.0,2.0,3.0,3.0,3.0,2.0,2.0,3.0,4.0,2.0,3.0,2.0,3.0,3.0,3.0,4.0,2.0,3.0,2.0,3.0,3.0,3.0,4.0,3.0,3.0,2.0,2.0,3.0,3.0,3.5,1.0,2.0,2.0,12.0,3.0,3.0,2.0,3.0,3.0,2.0,2.0,2.0,2.0,6.0,4.0,2.0,2.0,2.0,3.0,2.0,2.0,3.0,2.0,3.0,1.0,3.0,2.0,4.0,3.0,4.0,2.0,4.5,3.0,2.0,4.0
1-SPFP(masked),0.0,0.921276595745,0.695507487521,0.767148902667,0.860177273816,0.880208333333,0.810094097519,0.910377358491,0.0,0.0,0.873873873874,0.686415711948,0.92303030303,0.802752293578,0.0,0.958762886598,0.89247311828,0.904225352113,0.730820995962,0.694779116466,0.736547868623,0.45347467609,0.832144816237,0.844773519164,0.870786516854,0.935294117647,0.76558294376,0.921991566656,0.0,0.265341905319,0.789826378313,0.814516129032,0.897959183673,0.0,0.886115444618,0.0,0.829177057357,0.903716216216,0.660519125683,0.562507774599,0.628005657709,0.858044164038,0.88,0.826468602296,0.40825500613,0.847826086957,0.0,0.853658536585,0.907597535934,0.93063583815,0.98773006135,0.656026579191,0.913407821229,0.974330966685,0.965736040609,0.944134078212,0.0,0.539464156408,0.0,0.892857142857,0.830217474246,0.834394904459,0.493603094317,0.947239263804,0.791293734744,0.853982300885,0.876041666667,1.0,0.8671875,0.750041622732,0.539351851852,0.799420709631,0.0,0.829288702929,0.458629893238,0.91754756871,0.875675675676,0.780205655527,0.946992864424,0.818385650224,0.686237373737,0.980967486122,0.382532751092,0.763033175355,0.914473684211,0.70911360799,0.700851788756,0.919496855346,0.931818181818,0.923329682366,0.173076923077,0.796156744537,0.935724266418,0.902313624679,0.758147512864,0.584345479082,0.549132947977,0.658127208481,0.703255813953,0.566563467492,0.0,0.730424659614,0.858208955224,0.396800624268,0.954465849387,0.921875,0.816023738872,0.0,0.890646492435,0.970873786408,0.825962910128,0.968085106383,0.821052631579,0.91167192429,0.433551198257,0.992831541219,0.883463841548,0.933333333333,0.665263443781,0.874560375147,0.368348115299,1.0,0.879396984925,0.0,0.919732441472,0.780966767372,0.856839668146,0.777339901478,0.0,0.794642857143,0.904177545692,0.849137931034,0.804957146166,0.738749269433,0.0,0.917647058824,0.575047498417,0.564,0.986666666667,0.923250564334,0.316446664288,0.609375,0.924050632911,1.0,0.230537115269,0.0,0.0,0.809966216216,0.891165172855,0.874600638978,0.851423487544,0.758436944938,0.83751651255,0.0,0.931787175989,0.549813532232,0.918777292576,0.0,0.527777777778,0.670855978261,0.636363636364,0.204663212435,0.523837902265,0.79674796748,0.764761904762,0.803295225286,0.585347432024,0.780969252183,0.993150684932,0.835205992509,0.893784421715,0.866666666667,0.563523683046,0.79262810908,0.625789473684,0.993865030675,0.657559198543,0.0,0.511082138201,0.0,0.673858921162,0.800440407377,0.537288135593,0.0,0.0,0.762412993039,0.0,0.532247964934,0.946428571429,1.0,0.906666666667,0.907035175879,1.0,0.64138576779,0.603448275862,0.867469879518,0.0,0.83,0.848167539267,1.0,0.988835725678,0.885704048728,1.0,0.7465,0.791362871565,0.728538283063,0.873058910525,0.776745068285,0.790037648422,0.739486685143,0.470657276995,0.498049921997,0.699609882965,0.860828241684,1.0,0.823779193206,0.689128169503,0.90350877193,0.643659043659,0.91935483871,0.869565217391,0.833706606943,0.883997620464,0.0,0.587915601023,0.0,0.933973589436,0.917525773196,0.770871985158,0.923366834171,0.876588021779,0.0,0.782718120805,0.0,0.679676985195,0.723585912487,0.832684824903,0.877350132887,0.0,0.0,0.842105263158,0.775623268698,0.862602805999,0.607066052227,0.790804597701,0.0,0.908256880734,0.182761602767,0.151399733384,0.878504672897,0.713253012048,0.0,0.484848484848,0.299108349095,0.0
1-SPFN(masked),0.0,0.41734939759,0.486046511628,0.645441748779,0.776724231171,0.737991266376,0.34549434513,0.438636363636,0.0,0.0,0.773936170213,0.548092002091,0.822354211663,0.567260940032,0.0,0.989361702128,0.267741935484,0.324898785425,0.284740429995,0.368869936034,0.32712600869,0.151495278069,0.450683303624,0.645758423225,0.716644649934,0.129795918367,0.693163599051,0.773627270872,0.0,0.118475991649,0.614309405354,0.248004910988,0.87707641196,0.0,0.618063112078,0.0,0.725784447476,0.40074906367,0.439545454545,0.468164406253,0.411873840445,0.236111111111,0.0696202531646,0.751842751843,0.191967717141,0.109040074557,0.0,0.280203784571,0.574025974026,0.565633982753,0.291314837153,0.436213646532,0.70626349892,0.954010695187,0.924665856622,0.206097560976,0.0,0.251095382541,0.0,0.769794721408,0.618885096701,0.581360946746,0.237815366972,0.745173745174,0.685583362707,0.806182121972,0.2911041883,0.0802415875755,0.1875,0.752840909091,0.0972860125261,0.495956873315,0.0,0.696905766526,0.340882790544,0.437059415911,0.311538461538,0.364721030043,0.81135371179,0.115033091711,0.378218510786,0.909558823529,0.294751009421,0.170460561143,0.427692307692,0.161547212742,0.447855432179,0.605132450331,0.07861936721,0.888303477345,0.0777016969336,0.573405698779,0.817663817664,0.776548672566,0.139962001267,0.390324519231,0.0677120456165,0.516643550624,0.327414465136,0.100082034454,0.0,0.694231971906,0.218631178707,0.309306569343,0.942906574394,0.271793054571,0.107716412064,0.0,0.687732342007,0.279329608939,0.51148409894,0.0984848484848,0.275618374558,0.787823716493,0.198355345128,0.899350649351,0.580157289776,0.261682242991,0.406623505976,0.914215686275,0.254159495123,0.142857142857,0.452196382429,0.0,0.797101449275,0.915044247788,0.643436685019,0.195587506197,0.0,0.700787401575,0.848982593773,0.203512396694,0.551499761943,0.66978715888,0.0,0.0681222707424,0.235233160622,0.205240174672,0.507428571429,0.493365500603,0.122496892694,0.0749344978166,0.488839285714,0.0641711229947,0.142060245444,0.0,0.0,0.551149425287,0.8798988622,0.556402439024,0.244944970566,0.564068692206,0.102655440415,0.0,0.620909090909,0.295617301633,0.370031656701,0.0,0.153535353535,0.414132941917,0.0269230769231,0.0978561219628,0.28706727629,0.0634509550016,0.496803464632,0.486558044807,0.184655706457,0.442691149046,0.235008103728,0.454175152749,0.568284142071,0.219195849546,0.337755372778,0.800181515656,0.36472392638,0.0910623946037,0.918575063613,0.0,0.166383701188,0.0,0.489451476793,0.593832958954,0.0655907303952,0.0,0.0,0.451808057198,0.0,0.322213798332,0.47533632287,0.341736694678,0.202380952381,0.458121827411,0.00758853288364,0.342328835582,0.625,0.258992805755,0.0,0.0717372515125,0.0477172312224,0.0808988764045,0.534482758621,0.659024260197,0.0546448087432,0.261883880021,0.737915577139,0.21130551817,0.788820221591,0.610647181628,0.449497446037,0.551690039554,0.154290111581,0.192638407,0.189037245257,0.718006795017,0.0598006644518,0.633365981064,0.530907144769,0.646443514644,0.349356804333,0.57,0.0970873786408,0.472548397334,0.549962990377,0.0,0.377463054187,0.0,0.28117094326,0.733516483516,0.544918032787,0.263157894737,0.528013118338,0.0,0.506789788159,0.0,0.47440112729,0.474457662701,0.523227383863,0.710878928059,0.0,0.0,0.878787878788,0.742705570292,0.732990750257,0.37537993921,0.267080745342,0.0,0.167796610169,0.0993107769424,0.110878661088,0.141353383459,0.243621399177,0.0,0.0134228187919,0.133711800942,0.0
TC(masked),0.0,0.14953271028,0.134615384615,0.27027027027,0.248427672956,0.620689655172,0.145695364238,0.43023255814,0.0,0.0,0.665441176471,0.126436781609,0.693023255814,0.4,0.0,0.96875,0.101694915254,0.184,0.0780346820809,0.219262295082,0.072,0.108527131783,0.0757575757576,0.224852071006,0.547445255474,0.0978260869565,0.00505050505051,0.368932038835,0.0,0.00534759358289,0.307142857143,0.0652173913043,0.794392523364,0.0,0.337209302326,0.0,0.207317073171,0.238805970149,0.0230769230769,0.094696969697,0.0530303030303,0.0833333333333,0.0,0.367088607595,0.0027027027027,0.0387596899225,0.0,0.0348432055749,0.480620155039,0.304347826087,0.194174757282,0.106907894737,0.52380952381,0.917197452229,0.875,0.103585657371,0.0,0.056,0.0,0.44,0.369565217391,0.327586206897,0.0853658536585,0.382352941176,0.495575221239,0.590909090909,0.168067226891,0.0,0.125984251969,0.248648648649,0.0801526717557,0.24537037037,0.0,0.433962264151,0.00224719101124,0.316666666667,0.0824175824176,0.134897360704,0.744360902256,0.0729166666667,0.170616113744,0.743421052632,0.0175,0.106976744186,0.336283185841,0.385074626866,0.0536912751678,0.112244897959,0.034965034965,0.792899408284,0.00943396226415,0.295358649789,0.625,0.553571428571,0.0121457489879,0.0606694560669,0.0,0.0534759358289,0.234042553191,0.0354330708661,0.0,0.172932330827,0.159292035398,0.0382775119617,0.88,0.0448430493274,0.0,0.0,0.3828125,0.159722222222,0.203592814371,0.00909090909091,0.275862068966,0.463414634146,0.0494296577947,0.839622641509,0.133891213389,0.0,0.048951048951,0.709677419355,0.00392156862745,0.132352941176,0.319391634981,0.0,0.688,0.691629955947,0.265306122449,0.208530805687,0.0,0.633333333333,0.669703872437,0.104347826087,0.214135021097,0.0838709677419,0.0,0.0198412698413,0.0,0.260869565217,0.233766233766,0.263736263736,0.0205761316872,0.0242424242424,0.301204819277,0.0,0.0208728652751,0.0,0.0,0.278481012658,0.708333333333,0.439306358382,0.0657276995305,0.342281879195,0.0986394557823,0.0,0.0697674418605,0.0221238938053,0.39501039501,0.0,0.00952380952381,0.117647058824,0.0,0.0770925110132,0.0624,0.0,0.104761904762,0.216145833333,0.075,0.031914893617,0.0952380952381,0.054347826087,0.199134199134,0.151041666667,0.0375,0.284210526316,0.0208333333333,0.181818181818,0.683229813665,0.0,0.0884146341463,0.0,0.188679245283,0.123456790123,0.0,0.0,0.0,0.137305699482,0.0,0.0434108527132,0.361386138614,0.0551181102362,0.160714285714,0.345744680851,0.0,0.189368770764,0.359550561798,0.030612244898,0.0,0.0191082802548,0.0,0.0188679245283,0.251121076233,0.24251497006,0.037037037037,0.075,0.115384615385,0.212389380531,0.363333333333,0.126530612245,0.0,0.07656612529,0.0,0.00858369098712,0.0633608815427,0.487922705314,0.051724137931,0.268085106383,0.113970588235,0.552083333333,0.110497237569,0.423076923077,0.012987012987,0.337278106509,0.0,0.0,0.106976744186,0.0,0.0402298850575,0.458333333333,0.18045112782,0.199413489736,0.328947368421,0.0,0.262711864407,0.0,0.0561224489796,0.166666666667,0.406896551724,0.315175097276,0.0,0.0,0.669902912621,0.5125,0.455223880597,0.154069767442,0.00806451612903,0.0,0.046875,0.0,0.0142857142857,0.0106382978723,0.105714285714,0.0,0.00529100529101,0.00749063670412,0.0
Compression(masked),2.0396825396825395,2.07853403141,1.83561643836,1.63362068966,1.62799263352,1.20161290323,1.65217391304,1.48409893993,1.95315315315,2.6017699115,1.18237082067,1.58333333333,1.16386554622,1.46846846847,1.59659090909,0.927710843373,1.74691358025,2.08994708995,1.32367758186,1.28189910979,1.71880819367,1.68689581096,1.81818181818,1.80669144981,1.35435435435,2.11226611227,1.41206030151,1.55737704918,2.19480519481,1.76253298153,1.52857142857,1.73406193078,1.0071942446,3.2125,1.54074074074,2.36931818182,1.40740740741,1.66666666667,1.60669456067,1.31215469613,1.71686746988,1.82592592593,1.87443946188,1.22307692308,1.91335227273,2.37558685446,2.13422818792,1.77176015474,1.45294117647,1.72897196262,2.36994219653,1.93808411215,1.48979591837,1.04557640751,1.10303030303,2.25396825397,1.58431372549,1.67397260274,1.69194312796,1.17741935484,1.47636363636,1.75862068966,2.29461756374,1.43262411348,1.23745173745,1.14583333333,2.31804281346,3.66666666667,2.26262626263,1.16724738676,2.4012345679,1.75087719298,1.92509727626,1.28086419753,1.28440366972,2.192,1.85877862595,1.79443585781,1.18861209964,2.68144044321,1.77329974811,1.18090452261,1.11666666667,1.89386792453,1.59139784946,1.90644490644,1.51581508516,1.69230769231,2.436,1.07174887892,1.4094488189,1.50798722045,1.34242424242,1.22282608696,1.9456681351,1.57112299465,2.01127819549,1.52395209581,1.55263157895,2.41395348837,2.02014652015,1.41584158416,2.01923076923,1.19213483146,1.0380952381,2.36474164134,4.13114754098,2.15853658537,1.36585365854,1.59437751004,1.775,2.95973154362,1.5298245614,1.44852941176,1.54894671623,1.10909090909,1.71544715447,1.57575757576,1.62251655629,0.918699186992,1.70796460177,1.99103139013,1.58637469586,1.91633466135,1.18120805369,0.831081081081,1.43108504399,1.99595687332,1.37370242215,1.10303030303,1.15547024952,1.91304347826,1.4955801105,1.32835820896,1.60582010582,1.78932178932,2.49826989619,1.88125,2.04651162791,1.4776119403,2.05606258149,3.96186440678,1.61805555556,1.8962962963,1.52696629213,2.15957446809,1.78947368421,1.62721893491,1.01069518717,1.47912087912,2.3008356546,1.42796610169,2.42026578073,1.96226415094,1.64628820961,1.84139784946,1.58333333333,3.09523809524,1.77209302326,1.5203125,2.70833333333,2.22265122265,1.3861003861,2.37671232877,1.44850498339,1.50372578241,2.71541501976,1.96975088968,1.60383386581,1.54193548387,1.6821192053,1.73467230444,1.38812154696,1.08823529412,1.79432624113,2.85767790262,0.677536231884,1.83248730964,1.69289340102,1.73839662447,1.84732824427,1.51412429379,3.53110047847,2.10344827586,1.5818815331,1.69929078014,1.57874015748,1.67032967033,1.49593495935,1.67039106145,1.69960474308,1.67948717949,2.46892655367,1.59731543624,0.959731543624,1.83333333333,1.98245614035,2.6625,2.1129707113,2.1981981982,1.60815047022,1.61721611722,2.13461538462,2.26807760141,1.33818181818,1.65065502183,1.45544554455,1.39671361502,2.3487544484,1.73415977961,2.07959183673,2.63043478261,1.67059814659,1.35338345865,1.66950596252,1.55471698113,1.35682819383,1.5145631068,1.66707021792,1.43448275862,2.5462962963,1.51072961373,1.90797546012,1.6456043956,1.10967250571,1.79411764706,2.45644599303,1.56790123457,1.6303030303,2.2,1.88479262673,2.13960546282,1.63287671233,2.6149068323,1.51111111111,1.5775862069,1.4861878453,1.56502242152,1.71428571429,1.89349112426,0.9375,1.07207207207,1.42818428184,1.72512647555,2.40251572327,1.86666666667,1.85892116183,1.56431924883,1.16187683284,2.60119047619,1.86199095023,1.56537102473,3.49584487535,2.33059548255,1.64375
Average Terminal Gap length,7.333333333333333,20.9375,9.57142857143,14.2142857143,30.7058823529,4.0,16.6666666667,21.5,41.5,7.625,4.16666666667,13.1111111111,3.9,10.6,23.5,4.66666666667,0.666666666667,7.0,104.8,12.3333333333,18.5,114.363636364,32.1666666667,9.36363636364,4.375,12.0,62.3958333333,16.3636363636,2.33333333333,34.4285714286,9.85714285714,40.5,2.66666666667,9.0,11.5,4.16666666667,7.0,12.75,17.4375,20.2083333333,3.7,22.3,9.66666666667,13.4090909091,9.28571428571,14.25,3.83333333333,33.0,15.3,25.375,22.3,12.5333333333,3.5,18.0,5.5,7.0,7.66666666667,22.2857142857,5.16666666667,12.9,24.3125,5.83333333333,3.625,17.7857142857,10.5,0.4,23.9166666667,6.58333333333,8.625,10.7631578947,27.1875,1.83333333333,40.125,5.25,66.75,2.4,6.9,35.8181818182,20.5,12.25,25.625,4.6,80.25,27.4166666667,19.5,30.5,31.5454545455,11.0833333333,1.5,8.625,61.9166666667,21.9375,6.5,3.375,24.0,54.0,42.5,21.8,25.5,18.4444444444,19.5,8.0,10.125,42.1666666667,0.125,44.5714285714,13.55,4.33333333333,18.6428571429,24.0,16.0714285714,4.2,9.625,2.92857142857,21.6875,13.0,20.0,22.8,34.1666666667,2.2,43.2222222222,11.0,17.375,18.1666666667,1.33333333333,19.1666666667,25.0625,11.9285714286,56.0,6.66666666667,10.2,9.625,11.2222222222,37.3529411765,24.8333333333,31.625,23.375,13.8,3.75,28.1,23.9375,7.0,9.5,11.5,22.3571428571,2.16666666667,7.5,30.4375,2.875,20.4,43.0625,7.75,51.0454545455,8.33333333333,11.8571428571,20.125,24.4166666667,4.7,15.25,43.2777777778,4.125,15.9230769231,12.0,39.1666666667,13.1666666667,71.6875,8.83333333333,58.0769230769,27.125,1.75,7.07142857143,52.6666666667,75.7857142857,13.4333333333,7.5,2.83333333333,0.666666666667,10.3333333333,50.3,13.5,2.92857142857,31.6818181818,9.72727272727,7.0,17.3333333333,6.875,15.6666666667,30.0454545455,7.16666666667,4.83333333333,9.66666666667,9.125,16.5,9.1,5.5,2.5,3.16666666667,14.8,6.78571428571,3.0,4.125,32.375,6.875,26.7,28.8684210526,15.0,28.4642857143,45.4,21.5454545455,38.8846153846,20.3333333333,30.0,54.75,5.5,22.5,3.16666666667,28.3571428571,2.125,37.0555555556,3.5,3.75,12.0833333333,13.2222222222,23.1666666667,119.388888889,6.0,20.0714285714,3.33333333333,4.16666666667,7.58333333333,8.4,13.25,13.3,5.5,31.1428571429,29.9285714286,0.166666666667,29.625,8.33333333333,14.5,3.375,9.25,3.14285714286,48.1875,10.1666666667,2.66666666667,14.75,26.5714285714,85.5,12.7857142857,44.5,14.6666666667,28.8181818182,36.95,12.5
