,tRNA-synt_2b,MHC_II_N,oxidored_q6,kunitz,rep,cyt5,icd,ccH,sodcu,thiored,DEAD,dhfr,cytb,int,fer2,NTP_transferase,annexin,fbpase,DNA_PPF,cat3,HATPase_c,ferritin,TNF,RGS,BIR,Fapy_DNA_glyco,tms,Ribosomal_L6_D,bac_luciferase,ngf,LIM,TyrKc,gtp,MHC_II_beta_NC,hom,cytprime,cryst,glnasn,CPSase_L_chain,EFTU_2,Peptidase_M24,LDLa,sugbp,oat,WW,LuxS,msb,ghf7,plantltp,reductases,mmp,FAD-oxidase_C,squash,ppase,biotin_lipoyl,tgfb,ghf22,Sulfotransfer,scorptoxin,protg,cyt3,HGTP_anticodon,seatoxin,igV,hip,CH,adk,porin,ghf33,MoCF_biosynth,HTH_AraC,sh2,cpa,MM_CoA_mutase,pec_lyase,slectin,cbp,ins,hpr,ets,TIG,Phage_integrase,PDZ,DHOdehase,helicase_C,mycin,fkbp,KISc,histone,ghf5,pdc,adh,kazal,bowman,MHC_II_alpha_NC,laminin_G,HLH,cyclo,tbpc,GEL,CBM_20,igI,Levi_coat,myb_DNA-binding,MHC_II_C,Epimerase,hemopexin,profilin,peroxidase,bromodomain,GLA,TIL,Glyco_hydro_18,parv,cah,DEATH,sti,hla,fer4,ChtBD,ricin,pot,actin,hr,FAD_binding_4,flav,Bac_DNA_binding,Stap_Strp_toxin,kringle,rvp,ghf18,ndk,lipase,PK,HMG_box,zf-CCHH,igcon,sodfe,DMRL_synthase,CBS,RuBisCO_small,Sm,tln,aldedh,TPR,rub,cytc,hormone_rec,Propep_M14,S_100,serbact,pgk,cpn60_TCP1,egf,rnasemam,il8,RRF,Rhodanese,Pro_CA,Lum_binding
1-SPFP,0.371090770404,0.479664086942,0.949573312645,0.966932270916,0.77519379845,0.763358778626,0.890148212729,0.965014577259,0.881093544137,0.412609736632,0.581715210356,0.862603305785,0.814720812183,0.908939478068,0.777255007393,0.737441393168,0.998306878307,0.975662520281,1.0,0.744913928013,0.488363766559,1.0,0.847033595425,0.853333333333,0.885553470919,0.912175648703,0.958141321045,0.624463519313,0.854663774403,0.971875,0.982258064516,0.94087403599,0.863260869565,0.962591240876,0.932735426009,0.839064649243,0.693869265124,0.987571206629,0.724683544304,0.597014925373,0.735422740525,0.907488986784,0.834230999402,0.756711409396,0.939698492462,0.918632075472,0.870784746297,0.943875278396,0.819691577699,0.676245980707,0.974337400084,0.256443298969,0.880952380952,0.844117647059,0.916615573268,0.893187552565,0.967936117936,0.688393608074,0.893089190786,0.494082840237,0.832323232323,0.895676046671,0.881118881119,0.665545276142,0.83808095952,0.831730769231,0.82956727219,0.473382942187,0.625316455696,0.743119266055,1.0,0.872867054191,0.912876712329,0.804511278195,0.580710659898,0.919152276295,0.787348932888,0.95839112344,0.991831971995,0.919839679359,0.961726384365,0.341116751269,0.806451612903,0.708,0.698457223001,0.935779816514,0.953301127214,0.892837312604,0.726218097448,0.530212562694,0.809167750325,0.992481203008,0.888349514563,0.985465116279,0.985102420857,0.609514370664,0.911666666667,0.933659839715,0.946175637394,0.579981290926,0.851617440225,0.631055900621,0.922651933702,0.944444444444,0.992647058824,0.77065767285,0.902030008826,0.940986257074,0.879173290938,0.976958525346,0.8125,0.824925816024,0.768332554881,0.985320284698,0.885146804836,0.730448383733,0.829852579853,1.0,0.779657758123,0.990361445783,0.901040644021,0.965789473684,0.654863078376,0.997130559541,0.51062215478,0.876177658143,0.963562753036,0.719321148825,0.924077328647,0.797986577181,0.460842188115,0.977272727273,0.992769995481,0.96823697359,0.96218487395,0.899502840909,0.841843288375,0.85055524186,0.877402253148,0.769911504425,0.886678200692,0.875609756098,0.869266055046,0.897557418884,0.528831168831,0.991836734694,0.921230440967,0.678249097473,0.944134078212,0.850127011008,0.941533370105,0.952016985138,0.678313253012,0.774980635167,0.884259259259,0.867822626492,0.875457875458,0.593623481781,0.6875,0.840630472855
1-SPFN,0.398443898444,0.488348700754,0.948837209302,0.961188118812,0.761421319797,0.778546712803,0.886541244573,0.965014577259,0.881093544137,0.432635983264,0.597176079734,0.861713106295,0.801831806828,0.911469933185,0.805404652459,0.753077975376,0.997884493336,0.980434782609,0.37012987013,0.731182795699,0.522405208732,1.0,0.852517985612,0.837696335079,0.885553470919,0.903162055336,0.955572577556,0.664383561644,0.835926449788,0.971875,0.982258064516,0.945387453875,0.867409349061,0.962591240876,0.937540244688,0.824324324324,0.48290477536,0.987571206629,0.741100323625,0.507246376812,0.747407407407,0.90350877193,0.84382566586,0.755127668481,0.944444444444,0.916470588235,0.878816793893,0.945138269402,0.831528279182,0.693385534721,0.973518284994,0.276388888889,0.880952380952,0.848275862069,0.932626325639,0.896202531646,0.961205319019,0.683507306889,0.897862232779,0.486880466472,0.811556139199,0.900621118012,0.875,0.693341121495,0.844410876133,0.831730769231,0.882482325216,0.483908718549,0.636926250645,0.758782201405,0.337662337662,0.873850197109,0.921970116215,0.808564231738,0.613733905579,0.905645784996,0.747011466211,0.95839112344,0.990675990676,0.894736842105,0.95938261576,0.369230769231,0.806451612903,0.709215798512,0.721739130435,0.932926829268,0.910769230769,0.883031301483,0.695555555556,0.544518027962,0.821723341037,0.992214765101,0.887272727273,0.985465116279,0.983271375465,0.635330578512,0.883683360258,0.876672240803,0.937324602432,0.616915422886,0.859779907703,0.642631246047,0.926490984743,0.953907815631,0.991917707568,0.776330690827,0.906832298137,0.940226171244,0.891935483871,0.976958525346,0.753623188406,0.810495626822,0.774117647059,0.984444444444,0.885146804836,0.731592689295,0.837569745815,1.0,0.784484426388,0.992753623188,0.896989835809,0.965789473684,0.686973749381,0.992857142857,0.537110933759,0.869158878505,0.963562753036,0.729077075753,0.933925399645,0.804465493911,0.484284532672,0.977272727273,0.992769995481,0.960353982301,0.973087818697,0.90367463432,0.856139777923,0.850395182537,0.903754266212,0.677042801556,0.889370932755,0.867149758454,0.869266055046,0.897884755653,0.568397543272,0.991836734694,0.916666666667,0.686614892645,0.944134078212,0.847257383966,0.943093922652,0.950402713014,0.718112244898,0.772288691625,0.91223880597,0.862673071489,0.884366327475,0.636117136659,0.702702702703,0.843585237258
SP-Score,0.384767334424,0.484006393848,0.949205260974,0.964060194864,0.768307559123,0.770952745714,0.888344728651,0.965014577259,0.881093544137,0.422622859948,0.589445645045,0.86215820604,0.808276309505,0.910204705626,0.791329829926,0.745259684272,0.998095685822,0.978048651445,0.685064935065,0.738048361856,0.505384487646,1.0,0.849775790518,0.845514834206,0.885553470919,0.907668852019,0.956856949301,0.644423540479,0.845295112096,0.971875,0.982258064516,0.943130744932,0.865335109313,0.962591240876,0.935137835348,0.831694486784,0.588387020242,0.987571206629,0.732891933964,0.552130651092,0.741415073966,0.905498879357,0.839028332631,0.755919538938,0.942071468453,0.917551331853,0.874800770095,0.944506773899,0.82560992844,0.684815757714,0.973927842539,0.266416093929,0.880952380952,0.846196754564,0.924620949454,0.894695042105,0.964570718478,0.685950457482,0.895475711782,0.490481653354,0.821939685761,0.898148582342,0.878059440559,0.679443198819,0.841245917827,0.831730769231,0.856024798703,0.478645830368,0.63112135317,0.75095073373,0.668831168831,0.87335862565,0.917423414272,0.806537754967,0.597222282739,0.912399030646,0.767180199549,0.95839112344,0.991253981336,0.907288260732,0.960554500062,0.35517376025,0.806451612903,0.708607899256,0.710098176718,0.934353322891,0.932035178992,0.887934307043,0.710886826502,0.537365295328,0.815445545681,0.992347984054,0.887811120918,0.985465116279,0.984186898161,0.622422474588,0.897675013463,0.905166040259,0.941750119913,0.598448356906,0.855698673964,0.636843573334,0.924571459223,0.949176130038,0.992282383196,0.773494181838,0.904431153481,0.940606214159,0.885554387404,0.976958525346,0.783061594203,0.817710721423,0.77122510097,0.984882364571,0.885146804836,0.731020536514,0.833711162834,1.0,0.782071092256,0.991557534486,0.899015239915,0.965789473684,0.670918413878,0.994993851199,0.523866544269,0.872668268324,0.963562753036,0.724199112289,0.929001364146,0.801226035546,0.472563360393,0.977272727273,0.992769995481,0.964295477946,0.967636346323,0.901588737615,0.848991533149,0.850475212198,0.89057825968,0.723477152991,0.888024566723,0.871379757276,0.869266055046,0.897721087269,0.548614356052,0.991836734694,0.918948553817,0.682431995059,0.944134078212,0.848692197487,0.942313646378,0.951209849076,0.698212748955,0.773634663396,0.898249032615,0.865247848991,0.879912101466,0.61487030922,0.695101351351,0.842107855056
TC,0.09011627906976744,0.021052631578947368,0.849624060150376,0.8,0.49333333333333335,0.34523809523809523,0.7024793388429752,0.8983050847457628,0.7228915662650602,0.10434782608695652,0.46218487394957986,0.7580645161290323,0.5217391304347826,0.7475247524752475,0.3793103448275862,0.5526315789473685,0.9905660377358491,0.9409937888198758,0.2595419847328244,0.4609053497942387,0.19767441860465115,1.0,0.6178343949044586,0.6397058823529411,0.7238095238095238,0.7969924812030075,0.8526315789473684,0.39361702127659576,0.7559523809523809,0.9351851851851852,0.8780487804878049,0.749185667752443,0.48947368421052634,0.9157894736842105,0.6666666666666666,0.6976744186046512,0.016574585635359115,0.9696048632218845,0.5833333333333334,0.04,0.5338345864661654,0.7906976744186046,0.7009966777408638,0.5818181818181818,0.8043478260869565,0.8164556962025317,0.5724137931034483,0.8553615960099751,0.5054945054945055,0.33436532507739936,0.8875739644970414,0.038461538461538464,0.7586206896551724,0.6857142857142857,0.7647058823529411,0.5470085470085471,0.8384615384615385,0.28378378378378377,0.684931506849315,0.0,0.5338983050847458,0.7043478260869566,0.6326530612244898,0.3082706766917293,0.6190476190476191,0.6896551724137931,0.3780487804878049,0.23563218390804597,0.4170984455958549,0.46551724137931033,0.11764705882352941,0.5403225806451613,0.8155339805825242,0.6223776223776224,0.32917705735660846,0.7956204379562044,0.17277486910994763,0.8260869565217391,0.9545454545454546,0.7553191489361702,0.8620689655172413,0.15151515151515152,0.5959595959595959,0.4984520123839009,0.3655913978494624,0.831858407079646,0.8495575221238938,0.7710843373493976,0.45454545454545453,0.20565552699228792,0.6464285714285715,0.9786666666666667,0.7758620689655172,0.9571428571428572,0.9505494505494505,0.36923076923076925,0.5952380952380952,0.7195767195767195,0.842391304347826,0.2808219178082192,0.5740740740740741,0.14285714285714285,0.823076923076923,0.8035714285714286,0.9405940594059405,0.5826086956521739,0.7817258883248731,0.8515625,0.6446991404011462,0.9344262295081968,0.4864864864864865,0.6,0.5579710144927537,0.9357798165137615,0.6863468634686347,0.2903225806451613,0.5760869565217391,1.0,0.44086021505376344,0.9534883720930233,0.717948717948718,0.9117647058823529,0.2883116883116883,0.9493670886075949,0.20454545454545456,0.64,0.9157894736842105,0.38271604938271603,0.7303370786516854,0.5135135135135135,0.20245398773006135,0.9337748344370861,0.9733924611973392,0.906,0.8518518518518519,0.6,0.4953271028037383,0.507177033492823,0.6863905325443787,0.5692307692307692,0.722972972972973,0.7402597402597403,0.6959247648902821,0.7549800796812749,0.03076923076923077,0.9629629629629629,0.6818181818181818,0.41637010676156583,0.8404255319148937,0.5714285714285714,0.8272251308900523,0.8886138613861386,0.4476744186046512,0.3088235294117647,0.6716417910447762,0.5194805194805194,0.7365591397849462,0.2864583333333333,0.448559670781893,0.7
Modeler,0.3710907704042716,0.4796640869422032,0.9495733126454616,0.9669322709163347,0.7751937984496124,0.7633587786259542,0.8901482127288579,0.9650145772594753,0.8810935441370223,0.412609736632083,0.5817152103559871,0.862603305785124,0.8147208121827412,0.9089394780677401,0.7772550073934669,0.7374413931681179,0.9983068783068783,0.9756625202812331,1.0,0.7449139280125195,0.4883637665592553,1.0,0.8470335954253038,0.8533333333333334,0.8855534709193246,0.9121756487025948,0.9581413210445469,0.6244635193133047,0.8546637744034707,0.971875,0.9822580645161291,0.9408740359897172,0.8632608695652174,0.9625912408759124,0.9327354260089686,0.8390646492434664,0.6938692651238327,0.9875712066286898,0.7246835443037974,0.5970149253731343,0.7354227405247813,0.9074889867841409,0.834230999401556,0.7567114093959731,0.9396984924623115,0.9186320754716981,0.87078474629688,0.9438752783964365,0.8196915776986952,0.6762459807073955,0.9743374000841397,0.25644329896907214,0.8809523809523809,0.8441176470588235,0.9166155732679337,0.8931875525651808,0.9679361179361179,0.6883936080740117,0.8930891907855877,0.4940828402366864,0.8323232323232324,0.8956760466712422,0.8811188811188811,0.6655452761424165,0.8380809595202399,0.8317307692307693,0.829567272190223,0.4733829421866056,0.6253164556962025,0.7431192660550459,1.0,0.872867054190887,0.9128767123287671,0.8045112781954887,0.5807106598984771,0.9191522762951334,0.7873489328876317,0.9583911234396671,0.9918319719953326,0.9198396793587175,0.9617263843648208,0.3411167512690355,0.8064516129032258,0.708,0.6984572230014026,0.9357798165137615,0.9533011272141707,0.8928373126041088,0.7262180974477959,0.530212562694053,0.8091677503250976,0.9924812030075187,0.8883495145631068,0.9854651162790697,0.9851024208566108,0.6095143706640238,0.9116666666666666,0.933659839715049,0.9461756373937678,0.5799812909260992,0.8516174402250352,0.631055900621118,0.9226519337016574,0.9444444444444444,0.9926470588235294,0.7706576728499157,0.9020300088261254,0.9409862570735651,0.8791732909379968,0.9769585253456221,0.8125,0.8249258160237388,0.7683325548808968,0.9853202846975089,0.885146804835924,0.7304483837330553,0.8298525798525799,1.0,0.7796577581234378,0.9903614457831326,0.9010406440212055,0.9657894736842105,0.6548630783758262,0.9971305595408895,0.5106221547799696,0.8761776581426649,0.9635627530364372,0.7193211488250653,0.9240773286467486,0.797986577181208,0.4608421881149154,0.9772727272727273,0.9927699954812472,0.9682369735902926,0.9621848739495799,0.8995028409090909,0.8418432883750803,0.8505552418595896,0.87740225314778,0.7699115044247787,0.8866782006920415,0.875609756097561,0.8692660550458715,0.8975574188844331,0.5288311688311689,0.9918367346938776,0.9212304409672831,0.6782490974729242,0.9441340782122905,0.8501270110076207,0.9415333701047987,0.9520169851380043,0.6783132530120481,0.7749806351665376,0.8842592592592593,0.8678226264923252,0.8754578754578755,0.5936234817813765,0.6875,0.840630472854641
Compression,0.8329764453961456,0.9791666666666666,1.0,1.046875,1.0795454545454546,0.967741935483871,1.0138568129330254,1.0,0.9940828402366864,0.9166666666666666,0.9886877828054299,1.0105820105820107,1.03,1.0,0.9327731092436975,0.977491961414791,1.0030959752321982,0.9971830985915493,1.7404580152671756,1.035294117647059,0.9163498098859315,1.0,0.9943181818181818,1.0675675675675675,1.0,1.025089605734767,1.0336134453781514,0.9320388349514563,1.0238095238095237,1.0,1.0,1.0,1.0,1.0,0.9591836734693877,1.036764705882353,1.65625,1.0,0.972027972027972,1.24,0.9862258953168044,1.0416666666666667,0.9756838905775076,0.9979919678714859,1.0392156862745099,1.0123456790123457,1.0063291139240507,1.0066371681415929,0.96875,0.9748603351955307,1.0222222222222221,0.885558583106267,1.0,0.9895833333333334,0.9553571428571429,1.0084745762711864,1.0305343511450382,0.958005249343832,1.0135135135135136,1.035294117647059,1.0461538461538462,1.0,1.0185185185185186,0.9197080291970803,1.0,1.0,0.8438538205980066,0.9667590027700831,0.9755671902268761,0.9704433497536946,1.8450704225352113,1.015625,0.984984984984985,0.9896373056994818,0.9340425531914893,1.056338028169014,1.235,1.0,1.0,1.0982142857142858,1.0,0.8838174273858921,1.009090909090909,0.9873737373737373,0.926605504587156,1.0,1.0714285714285714,1.0218446601941749,1.1145833333333333,0.9148936170212766,0.993322203672788,1.0026666666666666,0.9836065573770492,1.0,1.0053475935828877,0.9530516431924883,1.1304347826086956,1.1083743842364533,1.0310880829015545,0.92,0.9833333333333333,0.9361702127659575,1.0,1.0163934426229508,1.0095238095238095,1.0048899755501222,0.9911504424778761,1.0069444444444444,0.9765013054830287,1.0,1.1272727272727272,1.0574712643678161,0.9943820224719101,1.0,0.996415770609319,1.0125786163522013,1.02020202020202,1.0,0.9273743016759777,1.0,1.01067615658363,1.0,0.9232456140350878,1.0365853658536586,0.9203821656050956,1.0218579234972678,1.0,0.9881889763779528,1.06,1.0227272727272727,0.9283667621776505,1.0,1.0,1.015267175572519,1.0,1.1025641025641026,0.9912280701754386,1.0365296803652968,0.9560439560439561,1.1343283582089552,0.9819277108433735,1.032258064516129,1.0058997050147493,1.0114503816793894,0.9493670886075949,1.0,1.0144927536231885,1.0357142857142858,1.0,1.0194174757281553,1.0048780487804878,1.0045977011494254,0.9203539823008849,1.0,0.95,1.037037037037037,0.984375,0.9259259259259259,0.9626865671641791,1.0
Average Pairwise P-Distance,0.694646680942,0.682558760684,0.441052631579,0.59375,0.683712121212,0.499641577061,0.56351039261,0.646153846154,0.583544660468,0.718686868687,0.684389140271,0.652557319224,0.634,0.748858447489,0.521762551174,0.684887459807,0.430546955624,0.357746478873,0.681933842239,0.750980392157,0.738149556401,0.437379576108,0.655681818182,0.664414414414,0.610101010101,0.60752688172,0.529131652661,0.794498381877,0.730158730159,0.442528735632,0.523255813953,0.572347266881,0.621768707483,0.547619047619,0.526239067055,0.729166666667,0.547371031746,0.493013972056,0.727272727273,0.601333333333,0.714876033058,0.576388888889,0.747213779129,0.74297188755,0.725490196078,0.602880658436,0.693716094033,0.547935103245,0.527083333333,0.698324022346,0.456296296296,0.808356039964,0.532407407407,0.572916666667,0.610119047619,0.621973365617,0.49306037474,0.685826771654,0.556467181467,0.535294117647,0.593846153846,0.716535433071,0.588888888889,0.764801297648,0.671590909091,0.727272727273,0.589239571798,0.753462603878,0.694880744619,0.709359605911,0.727699530516,0.625426136364,0.543543543544,0.639032815199,0.698936170213,0.664788732394,0.58125,0.56036036036,0.561797752809,0.53869047619,0.462121212121,0.793222683264,0.656363636364,0.706228956229,0.68623853211,0.609195402299,0.535714285714,0.558656957929,0.807291666667,0.710070921986,0.785475792988,0.364266666667,0.587978142077,0.602739726027,0.555258467023,0.803599374022,0.685869565217,0.55632183908,0.411917098446,0.746666666667,0.473511904762,0.669227738377,0.549382716049,0.604918032787,0.6,0.742461287694,0.663716814159,0.584027777778,0.622454308094,0.649425287356,0.49696969697,0.624521072797,0.688514357054,0.449541284404,0.631182795699,0.662174303684,0.641414141414,0.235393258427,0.38363312665,0.426666666667,0.619217081851,0.621428571429,0.604532163743,0.496341463415,0.773885350318,0.654280510018,0.704620462046,0.673228346457,0.536111111111,0.591414141414,0.765616045845,0.453947368421,0.274557522124,0.544847328244,0.726966292135,0.563125763126,0.640616693248,0.578604044357,0.660989010989,0.753731343284,0.52380952381,0.763440860215,0.583087512291,0.632633587786,0.704360056259,0.422222222222,0.533860342556,0.750974025974,0.520408163265,0.668608414239,0.492195121951,0.495785440613,0.619469026549,0.620571916347,0.592380952381,0.627609427609,0.605902777778,0.68487654321,0.623756218905,0.730994152047
Maximum Pairwise P-Distance,0.826552462527,0.927083333333,0.638596491228,0.84375,0.840909090909,0.817204301075,0.789838337182,0.769230769231,0.769230769231,0.878787878788,0.923076923077,0.767195767196,0.76,0.849315068493,0.873949579832,0.852090032154,0.53560371517,0.605633802817,0.93893129771,0.878431372549,0.874524714829,0.485549132948,0.801136363636,0.777027027027,0.842424242424,0.666666666667,0.652661064426,0.893203883495,0.892857142857,0.5,0.651162790698,0.694533762058,0.866666666667,0.792626728111,0.836734693878,0.786764705882,0.822916666667,0.547904191617,0.818181818182,0.896,0.829201101928,0.6875,0.80547112462,0.819277108434,0.862745098039,0.679012345679,0.822784810127,0.637168141593,0.8125,0.821229050279,0.572222222222,0.942779291553,0.777777777778,0.833333333333,0.830357142857,0.805084745763,0.702290076336,0.902887139108,0.756756756757,0.894117647059,0.746153846154,0.795275590551,0.851851851852,0.897810218978,0.818181818182,0.846153846154,0.883720930233,0.872576177285,0.815008726003,0.87684729064,0.887323943662,0.7578125,0.726726726727,0.870466321244,0.795744680851,0.760563380282,0.875,0.797297297297,0.685393258427,0.642857142857,0.625,0.875518672199,0.781818181818,0.815656565657,0.885321100917,0.655172413793,0.611111111111,0.708737864078,0.875,0.836170212766,0.849749582638,0.477333333333,0.754098360656,0.835616438356,0.764705882353,0.840375586854,0.771739130435,0.714285714286,0.658031088083,0.866666666667,0.716666666667,0.808510638298,0.785185185185,0.754098360656,0.790476190476,0.765281173594,0.800884955752,0.743055555556,0.838120104439,0.758620689655,0.727272727273,0.816091954023,0.792134831461,0.559633027523,0.727598566308,0.911949685535,0.79797979798,0.325842696629,0.748603351955,0.533333333333,0.743772241993,0.685714285714,0.892543859649,0.573170731707,0.847133757962,0.808743169399,0.762376237624,0.842519685039,0.71,0.80303030303,0.879656160458,0.572368421053,0.349557522124,0.576335877863,0.910112359551,0.820512820513,0.833333333333,0.698630136986,0.807692307692,0.89552238806,0.765060240964,0.817204301075,0.734513274336,0.770992366412,0.919831223629,0.62962962963,0.724637681159,0.853896103896,0.724489795918,0.844660194175,0.678048780488,0.570114942529,0.871681415929,0.87323943662,0.757142857143,0.864197530864,0.682291666667,0.875,0.791044776119,0.80701754386
Number of Sequences,5,13,5,10,4,6,5,4,7,6,4,4,6,5,13,4,6,4,4,4,6,4,5,4,4,4,5,4,4,4,5,7,8,4,8,4,7,4,4,4,4,4,4,4,4,4,8,4,5,7,6,4,4,4,7,8,12,5,8,4,6,6,5,9,5,4,9,4,4,4,4,11,4,4,4,5,8,6,5,4,6,4,6,4,5,4,4,4,4,6,4,5,6,5,4,4,5,6,4,5,8,9,4,5,8,4,4,5,5,4,4,4,4,7,5,7,5,5,14,5,7,4,4,5,4,6,4,6,9,6,5,4,5,4,5,15,12,8,5,4,7,4,4,4,6,5,11,5,4,6,5,4,4,12,6,11,4,6,4,4
Reference Length,467,96,285,64,88,93,433,65,169,132,442,189,100,219,119,311,323,355,131,255,263,173,176,148,165,279,357,103,336,116,86,311,210,217,98,136,192,334,143,125,363,48,329,498,51,162,158,452,96,358,180,367,36,288,112,118,131,381,74,85,130,127,54,137,88,143,301,361,573,203,71,128,333,193,470,142,200,74,89,112,88,241,110,396,218,116,126,412,96,470,599,375,61,73,187,213,92,203,193,150,120,141,135,61,105,409,226,144,383,145,55,87,534,109,279,159,198,178,179,45,281,70,456,82,314,183,101,254,100,132,349,152,452,524,89,39,114,219,182,67,166,93,339,524,237,54,138,308,98,103,205,435,226,71,140,81,192,216,268,114
Estimated Length,389,94,285,67,95,90,439,65,168,121,437,191,103,219,111,304,324,354,228,264,241,173,175,158,165,286,369,96,344,116,86,311,210,217,94,141,318,334,139,155,358,50,321,497,53,164,159,455,93,349,184,325,36,285,107,119,135,365,75,88,136,127,55,126,88,143,254,349,559,197,131,130,328,191,439,150,247,74,89,123,88,213,111,391,202,116,135,421,107,430,595,376,60,73,188,203,104,225,199,138,118,132,135,62,106,411,224,145,374,145,62,92,531,109,278,161,202,178,166,45,284,70,421,85,289,187,101,251,106,135,324,152,452,532,89,43,113,227,174,76,163,96,341,530,225,54,140,319,98,105,206,437,208,71,133,84,189,200,258,114
Maximum Ungapped Length,326,92,275,60,87,83,414,63,155,108,409,186,92,208,106,292,323,333,118,243,219,172,163,147,136,266,316,93,326,113,85,300,190,213,77,131,181,331,127,118,295,46,309,462,50,155,144,433,93,308,174,324,36,282,106,112,130,342,67,78,118,115,49,118,85,131,226,340,483,183,65,112,323,168,399,137,185,70,88,98,87,211,102,360,181,114,118,358,96,380,565,374,60,71,184,189,80,182,192,127,110,110,129,55,103,341,210,138,357,139,55,85,444,109,262,150,181,178,106,43,267,69,382,80,265,175,99,238,93,124,289,152,449,519,86,34,104,205,168,62,138,81,318,503,186,54,124,270,94,100,198,415,193,67,125,74,185,177,242,113
Sequence Length Heterogeneity,0.0583847042407,0.10786644476,0.0229642884832,0.0335604628061,0.157259275362,0.0128688202229,0.0758115888108,0.0448432425604,0.0124338526956,0.129001350302,0.384274771591,0.0797698996164,0.0586094196965,0.0634963122041,0.0393778586237,0.0890731271552,0.00968512989969,0.0253630584896,0.0405158083642,0.0592210601504,0.0712854456643,0.0530027046402,0.0519417936567,0.0688234665916,0.18687617751,0.010983867393,0.0681752457675,0.100075557245,0.196194819629,0.0242392224855,0.159222538748,0.0588403263424,0.0496053922461,0.0736920519359,0.138731026336,0.0196078431373,0.0172490449038,0.0166058278845,0.0924171030388,0.113083202854,0.077342944429,0.0890806145093,0.0586998358633,0.0552458164422,0.187774490438,0.0333890281647,0.0876615953745,0.0651146899482,0.0807524091027,0.114793970563,0.0416093863995,0.126136531792,0.135516142997,0.313636897005,0.124552771375,0.177294756028,0.0281447858319,0.149749773347,0.0198719362624,0.167342132591,0.0395347660636,0.0811424571319,0.0531147865999,0.0733912303977,0.131144837713,0.0968177222596,0.0686551990698,0.0759375502422,0.15345165339,0.0950635271119,0.0968949155177,0.0395814006949,0.0261514104755,0.104044262709,0.0596722572811,0.0214997914789,0.0894158220837,0.196994042911,0.0140775272574,0.046024650267,0.0265309756356,0.109405666279,0.0599306467482,0.0781312973195,0.0834856681672,0.0233773834638,0.04188499147,0.0501758667225,0.118310590538,0.113256094387,0.0355759488885,0.00146449881686,0.029160592176,0.399710994762,0.0113272132572,0.044962679909,0.121000014298,0.0469981938054,0.0335473723446,0.111513227915,0.0313811227066,0.0651384966061,0.0299596604574,0.0398343678186,0.0235346413136,0.0363965786446,0.0399486932609,0.0454664711628,0.0710437662355,0.138421838662,0.282627548231,0.210337213137,0.0813852934947,0.0112498684499,0.0616643351896,0.23030025781,0.0364266935729,0.0,0.245503165045,0.0127377338955,0.0335477949622,0.0488788109728,0.0117320411778,0.0748331477355,0.0922351810238,0.0909904094331,0.135076326701,0.0839844654034,0.0629497705406,0.100794806261,0.0346217631489,0.0271261322567,0.00750345371159,0.0461332953522,0.0842215131449,0.0878819206667,0.0397049783338,0.0333571491553,0.0533965979266,0.20935884962,0.0703638513591,0.0574715066985,0.033890567578,0.052136495766,0.18915665485,0.0685328064662,0.061738756725,0.0535907430819,0.0265957446809,0.101165201595,0.0345737537438,0.0272829926357,0.142902182532,0.202901491603,0.0461160595339,0.0586260749968,0.00312926975171,0.112545730994,0.0732035813106,0.104156658997
Gappiness Percentage,0.340899357602,0.132211538462,0.0694736842105,0.0984375,0.173295454545,0.123655913978,0.152424942263,0.0846153846154,0.0972104818259,0.27398989899,0.35407239819,0.0886243386243,0.14,0.123287671233,0.17323852618,0.132636655949,0.0180598555212,0.0943661971831,0.129770992366,0.0901960784314,0.2154626109,0.0375722543353,0.15,0.0945945945946,0.328787878788,0.0600358422939,0.201680672269,0.184466019417,0.177827380952,0.0581896551724,0.188372093023,0.111621497474,0.167857142857,0.111751152074,0.352040816327,0.0606617647059,0.0900297619048,0.0224550898204,0.190559440559,0.184,0.263774104683,0.135416666667,0.108662613982,0.133534136546,0.220588235294,0.0756172839506,0.20253164557,0.116703539823,0.0833333333333,0.254588986433,0.0888888888889,0.232288828338,0.159722222222,0.305555555556,0.255102040816,0.172669491525,0.0343511450382,0.260367454068,0.125,0.232352941176,0.153846153846,0.177165354331,0.12962962963,0.206812652068,0.156818181818,0.190559440559,0.3119232189,0.127423822715,0.305846422339,0.193349753695,0.172535211268,0.175426136364,0.0660660660661,0.225388601036,0.218617021277,0.0605633802817,0.2025,0.245495495495,0.0224719101124,0.162946428571,0.0435606060606,0.240663900415,0.154545454545,0.183080808081,0.249541284404,0.0366379310345,0.0992063492063,0.18567961165,0.138020833333,0.30390070922,0.0997495826377,0.00373333333333,0.0710382513661,0.315068493151,0.0280748663102,0.150234741784,0.226086956522,0.153530377668,0.0518134715026,0.209333333333,0.125,0.304964539007,0.0685185185185,0.12131147541,0.0571428571429,0.18826405868,0.118362831858,0.106944444444,0.126892950392,0.172413793103,0.272727272727,0.241379310345,0.232677902622,0.0104849279161,0.106810035842,0.326145552561,0.123232323232,0.0,0.596568236233,0.0533333333333,0.0935434672089,0.0607142857143,0.172149122807,0.0975609756098,0.218949044586,0.116575591985,0.108910891089,0.132545931759,0.171111111111,0.194444444444,0.200573065903,0.0197368421053,0.0119469026549,0.0644083969466,0.141573033708,0.254700854701,0.138157894737,0.0936073059361,0.131868131868,0.205223880597,0.251290877797,0.174731182796,0.0899705014749,0.0763358778626,0.353023909986,0.0518518518519,0.194334650856,0.192857142857,0.0535714285714,0.152103559871,0.0809756097561,0.067816091954,0.288716814159,0.327464788732,0.132142857143,0.150392817059,0.0390625,0.305555555556,0.15578358209,0.105263157895
Average Gap Length,8.65217391304,3.11320754717,3.0,1.53658536585,4.35714285714,2.3,5.32258064516,1.375,2.875,5.5641025641,18.9696969697,3.04545454545,3.36,4.35483870968,2.85106382979,4.85294117647,4.375,10.3076923077,3.09090909091,2.96774193548,4.35897435897,4.33333333333,3.66666666667,3.11111111111,13.5625,3.35,10.0,4.0,12.5789473684,1.5,6.75,4.33928571429,4.47619047619,7.46153846154,9.51724137931,1.83333333333,1.59210526316,1.76470588235,3.89285714286,7.07692307692,8.70454545455,2.16666666667,2.97916666667,4.3606557377,5.0,1.96,3.71014492754,4.48936170213,2.0,5.22950819672,3.84,5.68333333333,1.64285714286,9.51351351351,7.14285714286,4.40540540541,1.35,7.1884057971,2.24242424242,6.07692307692,3.75,4.21875,1.94444444444,2.60204081633,2.76,4.54166666667,8.62244897959,3.91489361702,8.5487804878,5.23333333333,4.45454545455,3.57971014493,2.93333333333,12.4285714286,6.04411764706,1.95454545455,7.53488372093,6.8125,1.66666666667,4.5625,1.76923076923,5.52380952381,3.1875,5.8,6.63414634146,1.30769230769,4.16666666667,9.0,6.625,7.0826446281,3.85483870968,1.16666666667,2.6,10.4545454545,2.33333333333,3.76470588235,6.93333333333,5.34285714286,4.44444444444,4.24324324324,2.2641509434,4.89873417722,1.85,2.46666666667,3.42857142857,6.28571428571,2.97222222222,1.925,4.05,10.0,6.66666666667,3.81818181818,7.88888888889,1.14285714286,2.86538461538,8.25,2.21818181818,0,15.5729166667,1.5,2.78787878788,2.83333333333,6.28,3.63636363636,5.61224489796,3.04761904762,4.4,2.92753623188,3.27659574468,3.08,4.11764705882,2.4,1.8,4.5,4.84615384615,2.70909090909,1.73394495413,2.8275862069,4.28571428571,4.23076923077,9.125,5.90909090909,3.38888888889,4.21052631579,20.9166666667,2.8,4.21428571429,5.60377358491,2.1,5.22222222222,2.18421052632,4.21428571429,12.4285714286,4.98214285714,3.17142857143,2.91304347826,3.75,7.33333333333,8.35,4.8
Median Gap Length,2.0,2.0,2.0,1.0,4.5,2.0,2.0,1.0,2.0,4.0,6.0,2.5,2.0,3.0,2.0,2.0,5.0,11.0,3.0,2.0,2.0,1.0,1.0,2.0,6.0,1.5,7.0,3.0,2.0,1.0,4.5,2.0,4.0,1.0,6.0,1.5,1.0,1.0,3.0,4.0,3.0,2.0,2.0,2.0,5.0,1.0,2.0,3.0,1.0,3.0,3.0,4.0,1.0,3.0,6.0,1.0,1.0,3.0,2.0,3.0,2.0,3.0,2.0,2.0,2.0,4.0,3.0,2.0,3.5,2.0,2.0,2.0,2.0,3.0,4.0,1.5,5.0,6.0,1.0,2.0,2.0,4.0,2.0,2.0,4.0,1.0,2.5,2.5,6.5,5.0,2.0,1.0,2.5,4.0,1.0,2.0,4.0,4.0,1.0,3.0,1.0,4.0,1.0,2.0,3.0,3.0,2.0,2.0,2.0,7.5,1.0,2.0,4.0,1.0,2.0,2.5,2.0,0,5.0,1.5,2.0,1.0,4.0,4.0,2.0,1.0,1.0,1.0,1.0,3.0,3.0,1.0,1.0,2.5,2.0,2.0,1.0,2.0,3.0,1.0,2.0,4.0,3.0,1.0,16.0,2.0,5.0,3.0,2.0,3.0,1.5,1.0,6.0,4.0,2.0,1.0,4.0,5.0,4.0,3.0
